frame,e_y,e_y_dot,e_phi,e_phi_dot,timestamp
1,0.340722,-0.009499,-0.034208,-0.010472,1620812670627528256
2,0.341150,-0.010286,-0.034383,-0.002967,1620812670648439296
3,0.340501,-0.012349,-0.034383,-0.004014,1620812670672845792
4,0.341020,-0.011881,-0.034732,0.004538,1620812670690528896
5,0.350600,-0.013269,-0.035256,0.000349,1620812670708533728
6,0.342454,-0.013855,-0.035605,0.007679,1620812670729681632
7,0.347860,-0.014412,-0.034383,0.009948,1620812670748617856
8,0.346712,-0.015866,-0.034034,0.010996,1620812670770306336
9,0.334126,-0.013173,-0.032638,0.008901,1620812670790894432
10,0.340352,-0.011797,-0.031590,0.018500,1620812670806924512
11,0.328230,-0.010043,-0.030369,0.012043,1620812670830798208
12,0.325116,-0.007780,-0.029147,0.016406,1620812670847803072
13,0.322178,-0.007141,-0.028100,0.009948,1620812670867759520
14,0.320574,-0.006167,-0.027402,0.009948,1620812670886586496
15,0.318492,-0.003619,-0.026704,0.009948,1620812670907040064
16,0.316506,-0.004724,-0.025831,0.012043,1620812670930810048
17,0.315091,-0.002654,-0.025307,0.009948,1620812670946360000
18,0.311928,-0.001956,-0.023911,0.007679,1620812670969453152
19,0.311121,-0.001868,-0.023736,0.000175,1620812670987027872
20,0.310729,-0.000603,-0.023562,0.003316,1620812671006890944
21,0.310503,-0.002818,-0.023736,-0.001920,1620812671030251968
22,0.311064,-0.003970,-0.024086,-0.004189,1620812671046919072
23,0.311448,-0.004071,-0.024260,-0.008378,1620812671068818240
24,0.311784,-0.005258,-0.024609,-0.005061,1620812671091480320
25,0.312164,-0.004870,-0.024784,-0.004014,1620812671107264224
26,0.312105,-0.006972,-0.024958,0.005585,1620812671129713888
27,0.311885,-0.005474,-0.024958,-0.007156,1620812671147253600
28,0.311294,-0.005862,-0.024784,0.010821,1620812671167015168
29,0.311446,-0.004975,-0.024958,-0.008203,1620812671188827264
30,0.321456,-0.005137,-0.025656,0.008901,1620812671207441888
31,0.312838,-0.004207,-0.025831,-0.001745,1620812671232067872
32,0.319552,-0.005724,-0.024958,0.004712,1620812671246629152
33,0.318972,-0.005614,-0.024784,0.011170,1620812671272848384
34,0.307261,-0.005080,-0.023562,0.011170,1620812671287759296
35,0.314259,-0.005656,-0.022689,0.024958,1620812671306951008
36,0.303307,-0.002435,-0.021817,0.018500,1620812671335911680
37,0.300652,-0.003387,-0.020595,0.023736,1620812671346844992
38,0.297867,-0.003367,-0.019373,0.031067,1620812671369060352
39,0.295075,-0.002584,-0.017977,0.018151,1620812671387751168
40,0.292590,-0.002020,-0.016930,0.038048,1620812671407420448
41,0.290186,-0.000210,-0.015708,0.022340,1620812671429300448
42,0.288704,0.001745,-0.015010,0.033859,1620812671448452480
43,0.285110,0.000317,-0.013265,0.031765,1620812671469199360
44,0.283596,0.000324,-0.012566,0.036128,1620812671487386176
45,0.279143,0.001659,-0.010297,0.037176,1620812671507385216
46,0.268460,0.002460,-0.009425,0.029147,1620812671529673472
47,0.265448,-0.005890,-0.007854,0.036652,1620812671547011232
48,0.264452,-0.005498,-0.007330,0.029147,1620812671571028480
49,0.261216,0.005811,-0.005585,0.030369,1620812671593485344
50,0.260268,0.006457,-0.005061,0.034383,1620812671606985472
51,0.256515,0.007834,-0.002967,0.041888,1620812671630477280
52,0.254675,0.008694,-0.001920,0.042062,1620812671648279264
53,0.240541,0.010702,0.001047,0.046077,1620812671669456768
54,0.238779,0.001236,0.002094,0.046251,1620812671690175360
55,0.233213,0.002651,0.005411,0.047473,1620812671705141760
56,0.231234,0.003979,0.006632,0.053407,1620812671730150464
57,0.226172,0.006158,0.009774,0.055676,1620812671747681920
58,0.224396,0.007467,0.010821,0.052709,1620812671769074368
59,0.219999,0.009652,0.013788,0.063181,1620812671788219744
60,0.216750,0.011594,0.015882,0.058818,1620812671807651584
61,0.213521,0.023977,0.018151,0.062134,1620812671832114752
62,0.200558,0.027031,0.020769,0.062134,1620812671847645216
63,0.196995,0.029792,0.023562,0.062308,1620812671870448992
64,0.193739,0.033506,0.025831,0.058992,1620812671888980192
65,0.190633,0.035447,0.028274,0.067370,1620812671908256832
66,0.177985,0.037494,0.030892,0.067370,1620812671937332512
67,0.165826,0.040494,0.033510,0.069290,1620812671949155840
68,0.162303,0.043238,0.036128,0.070162,1620812671966422240
69,0.160669,0.044898,0.037525,0.072431,1620812671988170400
70,0.146976,0.049211,0.041713,0.075573,1620812672008213888
71,0.143987,0.051836,0.044506,0.080809,1620812672029229280
72,0.139699,0.052726,0.047473,0.082903,1620812672046289856
73,0.138884,0.055448,0.048869,0.091455,1620812672075540928
74,0.115789,0.065543,0.053407,0.102102,1620812672087931776
75,0.114258,0.062779,0.054978,0.101229,1620812672108231328
76,0.100435,0.072234,0.060039,0.108734,1620812672130173312
77,0.098578,0.085677,0.061959,0.113970,1620812672145937760
78,0.084070,0.094004,0.067893,0.123744,1620812672172003840
79,0.072971,0.092969,0.070162,0.129154,1620812672188657536
80,0.065499,0.098864,0.077318,0.131249,1620812672207859104
81,0.063319,0.102952,0.079762,0.134739,1620812672236816832
82,0.048371,0.119086,0.086917,0.141372,1620812672249915712
83,0.046407,0.124552,0.089361,0.147655,1620812672274058944
84,0.032313,0.128867,0.096342,0.146782,1620812672287157408
85,0.018337,0.137831,0.101578,0.146608,1620812672306033792
86,0.007974,0.163486,0.105941,0.151669,1620812672327924992
87,0.005059,0.163720,0.109607,0.156207,1620812672347018752
88,-0.021911,0.171590,0.113272,0.161443,1620812672366467168
89,-0.024571,0.182018,0.116937,0.162490,1620812672389957824
90,-0.032629,0.177166,0.118682,0.162316,1620812672407699616
91,-0.044593,0.192849,0.124267,0.163712,1620812672428569056
92,-0.052577,0.206567,0.126187,0.171915,1620812672448830624
93,-0.064451,0.210437,0.132121,0.171042,1620812672469611872
94,-0.072161,0.206211,0.134041,0.177675,1620812672487910528
95,-0.075012,0.216809,0.140324,0.189368,1620812672508300800
96,-0.093129,0.237993,0.142419,0.186227,1620812672529739744
97,-0.103052,0.237804,0.149051,0.193557,1620812672546659072
98,-0.112226,0.231584,0.151320,0.194604,1620812672567808480
99,-0.121526,0.266918,0.157952,0.198968,1620812672586379744
100,-0.123518,0.267987,0.162490,0.194604,1620812672606199584
101,-0.139296,0.243731,0.167028,0.209614,1620812672629718944
102,-0.149953,0.255784,0.171740,0.201935,1620812672647396000
103,-0.174009,0.290348,0.176278,0.196524,1620812672671726784
104,-0.175347,0.328567,0.180816,0.206298,1620812672692839200
105,-0.185911,0.379833,0.185528,0.206298,1620812672705689984
106,-0.185911,0.379833,0.185528,0.206298,1620812672730562624
107,-0.217137,0.430368,0.192510,0.176104,1620812672745439040
108,-0.223203,0.485894,0.198968,0.178373,1620812672770763552
109,-0.237469,0.486145,0.201062,0.197571,1620812672786925728
110,-0.247010,0.549389,0.207694,0.189194,1620812672807234304
111,-0.256933,0.516723,0.209963,0.174184,1620812672826705280
112,-0.265234,0.543384,0.215897,0.176104,1620812672848452928
113,-0.272383,0.567019,0.217817,0.168773,1620812672867263424
114,-0.293597,0.528552,0.223751,0.170868,1620812672886614176
115,-0.291795,0.512005,0.225671,0.164585,1620812672906296736
116,-0.297418,0.479260,0.231256,0.157952,1620812672929195040
117,-0.304136,0.519403,0.233001,0.152716,1620812672949520384
118,-0.315347,0.514837,0.238412,0.162316,1620812672967154816
119,-0.319179,0.563504,0.240157,0.154985,1620812672985485984
120,-0.326984,0.558885,0.245393,0.147480,1620812673005431296
121,-0.336236,0.575847,0.247837,0.144339,1620812673032064416
122,-0.343494,0.591977,0.253596,0.154811,1620812673045430400
123,-0.349611,0.587703,0.255342,0.151844,1620812673068996800
124,-0.356146,0.640036,0.261101,0.146084,1620812673085492224
125,-0.362357,0.636657,0.265988,0.143990,1620812673108434432
126,-0.370996,0.613503,0.270701,0.145037,1620812673130297568
127,-0.376804,0.586162,0.275238,0.142942,1620812673149882848
128,-0.376224,0.566035,0.279776,0.139626,1620812673169900800
129,-0.373070,0.572863,0.283965,0.131249,1620812673185450816
130,-0.383876,0.596301,0.286059,0.130376,1620812673205642176
131,-0.418350,0.565782,0.292168,0.129678,1620812673228995808
132,-0.420463,0.569050,0.294263,0.125664,1620812673246651360
133,-0.431029,0.521269,0.300197,0.119381,1620812673267179424
134,-0.427646,0.524836,0.302116,0.119381,1620812673287128320
135,-0.468629,0.562451,0.320617,0.134565,1620812673305592768
136,-0.465270,0.532847,0.322537,0.136659,1620812673328694720
137,-0.471995,0.552430,0.327598,0.128107,1620812673348215680
138,-0.468468,0.524878,0.329169,0.126885,1620812673368248448
139,-0.510388,0.528341,0.337372,0.114145,1620812673386824064
140,-0.506883,0.503174,0.338943,0.113970,1620812673407424768
141,-0.521644,0.538834,0.343306,0.110828,1620812673426626464
142,-0.526485,0.526749,0.344703,0.109607,1620812673449221920
143,-0.557002,0.570077,0.360061,0.112923,1620812673473774432
144,-0.561829,0.567991,0.361283,0.112748,1620812673488388416
145,-0.562913,0.607394,0.363727,0.110654,1620812673505152448
146,-0.563873,0.588921,0.366345,0.111701,1620812673526647456
147,-0.598690,0.619702,0.378562,0.097738,1620812673548999328
148,-0.599643,0.634357,0.381005,0.099833,1620812673572226176
149,-0.601230,0.639070,0.384496,0.096168,1620812673590566368
150,-0.640460,0.650605,0.384496,0.092677,1620812673606212736
151,-0.645066,0.655905,0.385543,0.095993,1620812673629050368
152,-0.641878,0.656867,0.389034,0.085347,1620812673647156416
153,-0.646369,0.634907,0.390081,0.090757,1620812673669738592
154,-0.682359,0.660982,0.400728,0.081856,1620812673686977600
155,-0.682916,0.651725,0.402822,0.082030,1620812673710612096
156,-0.687768,0.668075,0.404567,0.078714,1620812673729911456
157,-0.692144,0.677344,0.405440,0.082903,1620812673745674624
158,-0.728618,0.704946,0.410676,0.060563,1620812673775843168
159,-0.732990,0.691810,0.411374,0.064752,1620812673786688352
160,-0.737625,0.661415,0.413294,0.056025,1620812673807004704
161,-0.733557,0.670609,0.413992,0.059167,1620812673829501056
162,-0.770371,0.616791,0.413992,0.051836,1620812673844854240
163,-0.783042,0.617209,0.414341,0.052883,1620812673872556064
164,-0.774902,0.646657,0.414690,0.043110,1620812673888550016
165,-0.771036,0.642730,0.414865,0.038746,1620812673908111040
166,-0.766960,0.642730,0.414865,0.039968,1620812673928836480
167,-0.812212,0.618533,0.420275,0.029671,1620812673946619552
168,-0.808134,0.618322,0.420101,0.028623,1620812673968684000
169,-0.800230,0.617266,0.419228,0.025656,1620812673988138528
170,-0.796173,0.617055,0.419054,0.027751,1620812674007438752
171,-0.832932,0.623504,0.417483,0.024086,1620812674028928544
172,-0.837232,0.609723,0.416436,0.019722,1620812674047533408
173,-0.837849,0.629454,0.415563,0.022864,1620812674067971456
174,-0.833859,0.640580,0.414516,0.014486,1620812674094928704
175,-0.874354,0.634929,0.416610,0.013963,1620812674108150112
176,-0.866692,0.614649,0.415039,0.008378,1620812674131741920
177,-0.862702,0.584983,0.414516,0.010647,1620812674149395584
178,-0.859198,0.624218,0.412770,0.005236,1620812674170442336
179,-0.903299,0.571850,0.415388,-0.258483,1620812674189485280
180,-0.895815,0.649231,0.411200,0.007330,1620812674209488416
181,-0.891896,0.625442,0.410501,0.008552,1620812674228716064
182,-0.892509,0.665047,0.409454,0.005236,1620812674248360000
183,-0.919764,0.672747,0.409105,-0.002793,1620812674270546368
184,-0.911961,0.686019,0.408233,-0.006109,1620812674288493216
185,-0.913312,0.659326,0.406662,-0.006458,1620812674306888352
186,-0.917907,0.665973,0.405615,-0.007505,1620812674335028800
187,-0.957117,0.650893,0.403520,-0.004538,1620812674346909664
188,-0.953252,0.621955,0.402997,-0.003316,1620812674372081152
189,-0.950157,0.631453,0.401077,-0.007679,1620812674388917248
190,-0.946340,0.626273,0.400204,-0.008378,1620812674405002624
191,-0.939655,0.678686,0.397761,-0.011519,1620812674430389440
192,-0.973672,0.641432,0.396713,-0.005061,1620812674446409216
193,-0.979215,0.685611,0.394444,-0.010297,1620812674475409056
194,-0.975458,0.611322,0.393572,-0.010297,1620812674485690848
195,-0.960586,0.626847,0.390605,-0.014661,1620812674505140800
196,-0.960620,0.564738,0.389557,-0.016755,1620812674529128160
197,-1.003387,0.542066,0.386939,-0.025133,1620812674547712704
198,-0.999687,0.486952,0.386067,-0.029322,1620812674572622528
199,-0.997186,0.523788,0.382576,-0.034907,1620812674586884544
200,-1.002070,0.499490,0.381354,-0.041364,1620812674605356736
201,-0.991404,0.492426,0.377166,-0.042586,1620812674629399200
202,-0.987904,0.498377,0.375769,-0.044680,1620812674647315008
203,-1.009190,0.506818,0.370184,-0.062308,1620812674666564512
204,-1.005669,0.508858,0.368788,-0.065624,1620812674687299808
205,-1.012365,0.528955,0.364250,-0.069639,1620812674709618368
206,-1.036352,0.536280,0.361458,-0.062134,1620812674728077632
207,-1.032862,0.505252,0.359712,-0.064228,1620812674746934976
208,-1.022597,0.495372,0.354476,-0.065101,1620812674767595008
209,-1.027819,0.497386,0.352731,-0.068417,1620812674785965888
210,-1.023315,0.504123,0.346971,-0.071209,1620812674806357696
211,-1.138522,0.491969,0.345575,-0.078365,1620812674828096320
212,-1.128743,0.481371,0.339816,-0.083776,1620812674846440032
213,-1.125556,0.492507,0.337896,-0.082903,1620812674872639936
214,-1.113112,0.488681,0.332311,-0.083950,1620812674890855872
215,-1.110085,0.512875,0.330565,-0.084125,1620812674908375040
216,-1.131460,0.487310,0.323933,-0.089535,1620812674928099616
217,-1.128376,0.465172,0.321839,-0.088837,1620812674947062304
218,-1.119364,0.454134,0.315730,-0.088663,1620812674970095968
219,-1.116438,0.451677,0.313810,-0.087616,1620812674989249472
220,-1.113731,0.459243,0.307702,-0.092677,1620812675008833120
221,-1.110991,0.422009,0.305607,-0.088663,1620812675026994432
222,-1.133420,0.409886,0.300720,-0.093550,1620812675047793728
223,-1.127771,0.407699,0.296531,-0.094771,1620812675069608128
224,-1.122283,0.399367,0.292168,-0.095644,1620812675087791232
225,-1.111751,0.394064,0.285536,-0.104196,1620812675107280000
226,-1.109223,0.385586,0.283267,-0.105418,1620812675130195680
227,-1.124550,0.378133,0.277158,-0.102800,1620812675146666496
228,-1.121971,0.389109,0.274889,-0.105069,1620812675171844544
229,-1.114496,0.368004,0.268257,-0.112399,1620812675186853120
230,-1.112089,0.351846,0.265988,-0.110305,1620812675207460416
231,-1.107408,0.348969,0.261450,-0.110479,1620812675228949216
232,-1.121166,0.342568,0.254120,-0.121999,1620812675248308000
233,-1.118795,0.337045,0.251676,-0.123220,1620812675267598112
234,-1.105305,0.313239,0.244172,-0.127235,1620812675287575328
235,-1.100954,0.329526,0.241554,-0.127409,1620812675306995872
236,-1.094681,0.296616,0.233874,-0.128107,1620812675327940832
237,-1.092686,0.300031,0.231431,-0.135263,1620812675347970720
238,-1.104436,0.285018,0.222704,-0.141197,1620812675367841632
239,-1.102368,0.270500,0.219737,-0.149575,1620812675387973248
240,-1.096527,0.266189,0.212232,-0.147655,1620812675408398016
241,-1.094684,0.218209,0.210312,-0.153938,1620812675430056480
242,-1.091110,0.224913,0.206647,-0.158127,1620812675446573952
243,-1.068277,0.216734,0.200713,-0.166679,1620812675467310176
244,-1.066657,0.214757,0.198793,-0.179943,1620812675490033280
245,-1.078097,0.187249,0.190590,-0.189543,1620812675506403904
246,-1.067525,0.200381,0.188496,-0.191114,1620812675530364704
247,-1.053830,0.193682,0.181863,-0.200015,1620812675546256544
248,-1.050837,0.194982,0.179594,-0.198968,1620812675568049024
249,-1.046629,0.174868,0.173137,-0.202284,1620812675590268160
250,-1.045407,0.163541,0.168599,-0.197571,1620812675606272032
251,-1.054739,0.174238,0.162839,-0.195651,1620812675631586304
252,-1.043079,0.169196,0.158127,-0.191114,1620812675648464256
253,-1.029181,0.171235,0.153589,-0.190764,1620812675668173792
254,-1.019126,0.155640,0.149226,-0.179943,1620812675687058176
255,-1.016893,0.173696,0.146957,-0.189368,1620812675706177728
256,-1.015599,0.159793,0.140324,-0.179943,1620812675728766720
257,-1.012383,0.168317,0.138230,-0.183085,1620812675747604096
258,-1.001367,0.166575,0.131772,-0.196000,1620812675768386144
259,-0.980693,0.121037,0.127060,-0.193033,1620812675790149760
260,-0.970118,0.128041,0.122348,-0.202633,1620812675807191392
261,-0.969383,0.115492,0.119904,-0.199491,1620812675829721888
262,-0.974251,0.109261,0.110479,-0.211708,1620812675848096864
263,-0.964497,0.103161,0.108036,-0.208567,1620812675868195328
264,-0.953454,0.081621,0.097913,-0.227242,1620812675903597728
265,-0.943891,0.081621,0.097913,-0.227242,1620812675907980096
266,-0.943351,0.083401,0.095295,-0.222006,1620812675928197728
267,-0.937564,0.077537,0.085347,-0.226893,1620812675947602112
268,-0.917967,0.067641,0.077493,-0.225322,1620812675970155744
269,-0.908542,0.055840,0.074875,-0.232652,1620812675989700704
270,-0.898240,0.041095,0.067021,-0.225671,1620812676007836192
271,-0.889317,0.043723,0.064403,-0.228638,1620812676029010432
272,-0.881548,0.033032,0.055327,-0.220784,1620812676047547648
273,-0.881257,0.034320,0.052709,-0.224100,1620812676068655840
274,-0.853743,0.019209,0.044855,-0.222180,1620812676088124512
275,-0.853661,0.017865,0.042237,-0.224449,1620812676114521472
276,-0.835814,-0.004271,0.034383,-0.230209,1620812676128709152
277,-0.827096,-0.011411,0.028798,-0.231605,1620812676148540800
278,-0.818647,-0.020298,0.023387,-0.237190,1620812676169164128
279,-0.816785,-0.028318,0.017628,-0.227940,1620812676189305472
280,-0.808412,-0.034973,0.012217,-0.238761,1620812676209668000
281,-0.790675,-0.051992,0.006458,-0.237365,1620812676233352032
282,-0.782441,-0.055392,0.003491,-0.241554,1620812676247121824
283,-0.766479,-0.066754,-0.005236,-0.245568,1620812676266934016
284,-0.767133,-0.081484,-0.008203,-0.247488,1620812676286078272
285,-0.745253,-0.092235,-0.017104,-0.257611,1620812676311519136
286,-0.736843,-0.096320,-0.020246,-0.261625,1620812676331400448
287,-0.721736,-0.107460,-0.029496,-0.269130,1620812676345829504
288,-0.713622,-0.112103,-0.032638,-0.271399,1620812676366798048
289,-0.697736,-0.133840,-0.042062,-0.279951,1620812676386890464
290,-0.690036,-0.139894,-0.048695,-0.271573,1620812676408506880
291,-0.664209,-0.150450,-0.052185,-0.288328,1620812676428981184
292,-0.666038,-0.170774,-0.062134,-0.291994,1620812676446956800
293,-0.642656,-0.181459,-0.068766,-0.296008,1620812676473368480
294,-0.635042,-0.192542,-0.075398,-0.296357,1620812676485732416
295,-0.628780,-0.199413,-0.078714,-0.290772,1620812676511581824
296,-0.592486,-0.235465,-0.092153,-0.287456,1620812676528312288
297,-0.595245,-0.231748,-0.095470,-0.284140,1620812676547892416
298,-0.581883,-0.271547,-0.105243,-0.270177,1620812676574633728
299,-0.558417,-0.266096,-0.108559,-0.276460,1620812676586561472
300,-0.530722,-0.299282,-0.120777,-0.270002,1620812676607835360
301,-0.521727,-0.302073,-0.123918,-0.273144,1620812676628091424
302,-0.502132,-0.314282,-0.133518,-0.264592,1620812676646249280
303,-0.504026,-0.314989,-0.136659,-0.268781,1620812676668624576
304,-0.479518,-0.331555,-0.142942,-0.262498,1620812676686077696
305,-0.447757,-0.345776,-0.153589,-0.266512,1620812676706621152
306,-0.438771,-0.333154,-0.156731,-0.266512,1620812676728899808
307,-0.429404,-0.357353,-0.165981,-0.260229,1620812676748166272
308,-0.422794,-0.344933,-0.169122,-0.262323,1620812676775025952
309,-0.409881,-0.370803,-0.178373,-0.266686,1620812676788328736
310,-0.403532,-0.349632,-0.181514,-0.264417,1620812676808771808
311,-0.397413,-0.357235,-0.187797,-0.265465,1620812676827834848
312,-0.351529,-0.374322,-0.193906,-0.259356,1620812676846760640
313,-0.332734,-0.385819,-0.203156,-0.262498,1620812676876530784
314,-0.335387,-0.403894,-0.209440,-0.267908,1620812676887043680
315,-0.323354,-0.401475,-0.212581,-0.265639,1620812676906479488
316,-0.283955,-0.403407,-0.214152,-0.265116,1620812676929759744
317,-0.274827,-0.429184,-0.229511,-0.260752,1620812676948394688
318,-0.263227,-0.436881,-0.235619,-0.264941,1620812676967044832
319,-0.257546,-0.441288,-0.238761,-0.265988,1620812676993090336
320,-0.210428,-0.463068,-0.250455,-0.264417,1620812677006941728
321,-0.193017,-0.451572,-0.253422,-0.269828,1620812677029061568
322,-0.184939,-0.483594,-0.262672,-0.269828,1620812677047887072
323,-0.179528,-0.487583,-0.265814,-0.272097,1620812677068301120
324,-0.160366,-0.500121,-0.272097,-0.267734,1620812677086874656
325,-0.167261,-0.510539,-0.278205,-0.268955,1620812677109397312
326,-0.114593,-0.502852,-0.285710,-0.266861,1620812677131044192
327,-0.107844,-0.212802,-0.294961,-0.263719,1620812677152778336
328,-0.102903,-0.201555,-0.297928,-0.265814,1620812677167480480
329,-0.048500,-0.222530,-0.307876,-0.263196,1620812677188051456
330,-0.043539,-0.241662,-0.310843,-0.263196,1620812677206175520
331,-0.025360,-0.247132,-0.320268,-0.258658,1620812677231470304
332,-0.020694,-0.263741,-0.323235,-0.271573,1620812677247810656
333,-0.007209,-0.256043,-0.332834,-0.269304,1620812677266874304
334,0.036645,-0.261804,-0.340165,-0.273493,1620812677287516960
335,0.045549,-0.248534,-0.343306,-0.272446,1620812677304500576
336,0.058324,-0.263696,-0.353080,-0.273668,1620812677332965472
337,0.066735,-0.256093,-0.356222,-0.275762,1620812677348577728
338,0.070541,-0.311154,-0.365996,-0.275937,1620812677368940832
339,0.129472,-0.279689,-0.369486,-0.274889,1620812677386845824
340,0.137550,-0.329020,-0.379086,-0.276111,1620812677406533504
341,0.166163,-0.393010,-0.382402,-0.275064,1620812677429837632
342,0.213878,-0.387759,-0.392525,-0.278904,1620812677447471584
343,0.225950,-0.416555,-0.398982,-0.276809,1620812677468257056
344,0.233181,-0.431379,-0.402298,-0.275762,1620812677487469760
345,0.239991,-0.429014,-0.411898,-0.281173,1620812677507508928
346,0.314977,-0.418360,-0.416086,-0.276286,1620812677531323072
347,0.310411,-0.448464,-0.422544,-0.281696,1620812677547122624
348,0.325092,-0.449183,-0.429002,-0.272097,1620812677571067264
349,0.391867,-0.445992,-0.439125,-0.256389,1620812677586573312
350,0.395112,-0.494237,-0.445059,-0.261625,1620812677607009312
351,0.414169,-0.534711,-0.448201,-0.253945,1620812677628728128
352,0.422672,-0.557924,-0.457276,-0.258134,1620812677649149408
353,0.484952,-0.615261,-0.461465,-0.245568,1620812677669159104
354,0.506425,-0.578475,-0.470366,-0.247488,1620812677690002240
355,0.509032,-0.512133,-0.473333,-0.243299,1620812677707303168
356,0.575378,-0.524884,-0.482060,-0.247488,1620812677728772768
357,0.578015,-0.542456,-0.487645,-0.247662,1620812677746932320
358,0.580463,-0.581012,-0.490612,-0.250978,1620812677770707648
359,0.600625,-0.533616,-0.498990,-0.244870,1620812677787244992
360,0.658326,-0.520751,-0.500560,-0.240332,1620812677806381312
361,0.666228,-0.509621,-0.503527,-0.240332,1620812677832439712
362,0.680462,-0.484762,-0.511905,-0.235270,1620812677846960512
363,0.697665,-0.536543,-0.520108,-0.236143,1620812677866148000
364,0.757169,-0.482921,-0.523075,-0.235794,1620812677894880064
365,0.761021,-0.484183,-0.528486,-0.235445,1620812677907325792
366,0.768672,-0.535349,-0.531278,-0.231082,1620812677927730912
367,0.840516,-0.529966,-0.539656,-0.234223,1620812677945628320
368,0.851496,-0.507012,-0.547510,-0.228638,1620812677976456736
369,0.853021,-0.515655,-0.550128,-0.227416,1620812677987229152
370,0.861908,-0.510675,-0.555189,-0.223053,1620812678006572448
371,0.927025,-0.556422,-0.565138,-0.222704,1620812678028445728
372,0.935826,-0.587855,-0.567581,-0.224973,1620812678049230464
373,1.007849,-0.536845,-0.577180,-0.215723,1620812678067178720
374,1.015353,-0.543956,-0.579624,-0.217817,1620812678088332512
375,1.017665,-0.561413,-0.584511,-0.212756,1620812678107633632
376,1.017637,-0.534997,-0.586954,-0.206647,1620812678133361056
377,1.105433,-0.537683,-0.594459,-0.208567,1620812678147195040
378,1.108188,-0.624051,-0.601615,-0.209789,1620812678168324608
379,1.108955,-0.556748,-0.604058,-0.199142,1620812678186702176
380,1.182002,-0.605525,-0.609294,-0.207694,1620812678206708640
381,1.190721,-0.644996,-0.616276,-0.193732,1620812678228527488
382,1.198552,-0.678616,-0.618370,-0.200015,1620812678249016992
383,1.266487,-0.696109,-0.626748,-0.194081,1620812678270406176
384,1.273672,-0.724091,-0.628842,-0.199317,1620812678289107072
385,1.274528,-0.679271,-0.633031,-0.182212,1620812678304910144
386,1.342640,-0.745528,-0.639663,-0.179943,1620812678330367360
387,1.343016,-0.696554,-0.643503,-0.175755,1620812678348507392
388,1.350359,-0.669396,-0.647517,-0.171391,1620812678370508128
389,1.419210,-0.671369,-0.651880,-0.170693,1620812678387673632
390,1.426659,-0.704705,-0.657466,-0.164235,1620812678406156416
391,1.433779,-0.733576,-0.659385,-0.168424,1620812678430186976
392,1.510271,-0.721111,-0.664970,-0.160047,1620812678447116128
393,1.510289,-0.783646,-0.666890,-0.164235,1620812678468813760
394,1.580345,-0.708199,-0.673173,-0.162839,1620812678487066816
395,1.587276,-0.717147,-0.674919,-0.165108,1620812678508661504
396,1.594132,-0.665230,-0.676664,-0.162839,1620812678530399552
397,1.664719,-0.676789,-0.683296,-0.157603,1620812678550073312
398,1.671254,-0.641612,-0.688358,-0.152018,1620812678568321408
399,1.670957,-0.685025,-0.690103,-0.145735,1620812678588719776
400,1.749035,-0.659630,-0.697957,-0.145735,1620812678606531616
401,1.755490,-0.690271,-0.700226,-0.138230,1620812678630000352
402,1.761775,-0.674370,-0.704589,-0.142419,1620812678647125472
403,1.833655,-0.733430,-0.712443,-0.132470,1620812678670417760
404,1.846583,-0.731736,-0.714538,-0.130376,1620812678687221920
405,1.911619,-0.711804,-0.721868,-0.118159,1620812678707696256
406,1.918346,-0.735995,-0.723963,-0.118159,1620812678729986688
407,2.004663,-0.793151,-0.729024,-0.101055,1620812678751752928
408,2.003913,-0.802242,-0.730420,-0.103323,1620812678766282528
409,2.008901,-0.837030,-0.734609,-0.100705,1620812678784962720
410,2.007987,-0.846247,-0.736005,-0.101927,1620812678805051840
411,2.080436,-0.909589,-0.739147,-0.103498,1620812678831961856
412,2.079425,-0.854199,-0.741939,-0.087092,1620812678844889632
413,2.160741,-0.811246,-0.743161,-0.094073,1620812678870493728
414,2.165302,-0.820874,-0.746826,-0.083950,1620812678891877472
415,2.164227,-0.874587,-0.747874,-0.087092,1620812678907137792
416,2.230673,-0.839547,-0.751539,-0.077842,1620812678929003904
417,2.243733,-0.856227,-0.752761,-0.078889,1620812678947512416
418,2.316955,-0.837330,-0.755553,-0.061959,1620812678969577248
419,2.315791,-0.893627,-0.756251,-0.067195,1620812678988465920
420,2.322292,-0.842518,-0.757647,-0.064228,1620812679004813152
421,2.395671,-0.834942,-0.757647,-0.066672,1620812679028969088
422,2.392000,-0.852168,-0.759218,-0.050091,1620812679047510464
423,2.390750,-0.867820,-0.759567,-0.059865,1620812679067788192
424,2.471947,-0.896830,-0.760614,-0.069639,1620812679091166112
425,2.470679,-0.889925,-0.761138,-0.070162,1620812679108028864
426,2.468071,-0.922779,-0.762883,-0.067893,1620812679128441088
427,2.468052,-0.793722,-0.763407,-0.068068,1620812679148394240
428,2.541666,-0.812425,-0.766200,-0.075398,1620812679170545344
429,2.548094,-0.703587,-0.766898,-0.076445,1620812679185215584
430,2.623219,-0.747552,-0.771785,-0.067719,1620812679215685792
431,2.628274,-0.699731,-0.772483,-0.066497,1620812679230063936
432,2.633286,-0.686166,-0.774228,-0.071209,1620812679245170752
433,2.702278,-0.698665,-0.778591,-0.063879,1620812679268617120
434,2.699385,-0.769356,-0.779115,-0.060388,1620812679288508064
435,2.697908,-0.787032,-0.780860,-0.058294,1620812679307431424
436,2.786223,-0.713421,-0.782955,-0.039444,1620812679331603520
437,2.783212,-0.793378,-0.784351,-0.046949,1620812679349023296
438,2.781675,-0.778507,-0.785049,-0.038572,1620812679367952736
439,2.857411,-0.778916,-0.785398,-0.036477,1620812679388230784
440,2.855869,-0.669140,-0.785573,-0.029147,1620812679405150816
441,2.930107,-0.811177,-0.786096,-0.033510,1620812679427743424
442,2.934900,-0.732567,-0.786096,-0.027227,1620812679446339776
443,3.066202,-0.906669,-0.786969,-0.029496,1620812679466750560
444,3.072548,-0.890472,-0.786620,-0.023387,1620812679491138080
445,3.069490,-0.882152,-0.786271,-0.024260,1620812679506588896
446,3.145201,-0.856427,-0.786271,-0.012217,1620812679527622272
447,3.150034,-0.863839,-0.785922,-0.014137,1620812679546064000
448,3.140664,-0.910052,-0.785224,-0.012566,1620812679571241472
449,3.214779,-0.903135,-0.785922,0.003491,1620812679589344448
450,3.214779,-0.903135,-0.785922,0.003491,1620812679604842912
451,3.203961,-0.934561,-0.784351,-0.002793,1620812679627075520
452,3.285801,-0.993007,-0.781384,-0.011519,1620812679645173632
453,3.284339,-0.890736,-0.780860,-0.006109,1620812679669229248
454,3.275062,-0.857937,-0.779639,-0.007330,1620812679686224832
455,3.270857,-0.824155,-0.777544,-0.004538,1620812679705640832
456,3.263079,-0.916511,-0.776846,-0.004538,1620812679728930016
457,3.344686,-0.861681,-0.776497,0.004363,1620812679747300160
458,3.343322,-0.830185,-0.776148,0.017104,1620812679768118208
459,3.332890,-0.848529,-0.774054,0.015882,1620812679789130656
460,3.409199,-0.801012,-0.773181,0.021642,1620812679807864896
461,3.407838,-0.814513,-0.771610,0.018675,1620812679827463136
462,3.405236,-0.742841,-0.769690,0.033685,1620812679848755232
463,3.395041,-0.915260,-0.766374,0.033859,1620812679869647424
464,3.393845,-0.745637,-0.765501,0.039095,1620812679885864864
465,3.468373,-0.825597,-0.762185,0.032987,1620812679908342240
466,3.465998,-0.686484,-0.760440,0.042761,1620812679929439552
467,3.462627,-0.682452,-0.756775,0.049393,1620812679949222816
468,3.469195,-0.726442,-0.755553,0.045204,1620812679968150624
469,3.529035,-0.775251,-0.752237,0.052709,1620812679987378560
470,3.527962,-0.833601,-0.750841,0.045204,1620812680005599328
471,3.519327,-0.777796,-0.748223,0.054629,1620812680029087712
472,3.516475,-0.779824,-0.743859,0.058643,1620812680046727616
473,3.516488,-0.725900,-0.742289,0.057596,1620812680067830752
474,3.506510,-0.745301,-0.737751,0.059516,1620812680094833888
475,3.573797,-0.640351,-0.736180,0.054629,1620812680105931904
476,3.571353,-0.720446,-0.731467,0.060912,1620812680127857664
477,3.571329,-0.667484,-0.729897,0.058992,1620812680146006464
478,3.570600,-0.731274,-0.728326,0.062134,1620812680164350624
479,3.554529,-0.718127,-0.723439,0.060912,1620812680185734944
480,3.553984,-0.728976,-0.720472,0.062134,1620812680203932192
481,3.612013,-0.732531,-0.717505,0.066672,1620812680227629984
482,3.611362,-0.707026,-0.714189,0.072082,1620812680244584608
483,3.603061,-0.717265,-0.710873,0.066846,1620812680266683296
484,3.602196,-0.699277,-0.707731,0.076445,1620812680286174208
485,3.601169,-0.707683,-0.703019,0.079587,1620812680306866752
486,3.586924,-0.759386,-0.699528,0.077318,1620812680328315328
487,3.657883,-0.720047,-0.696037,0.085172,1620812680345653920
488,3.657606,-0.655379,-0.694292,0.086917,1620812680370439296
489,3.650069,-0.745773,-0.689056,0.090234,1620812680392049632
490,3.649937,-0.750377,-0.687311,0.090059,1620812680407236256
491,3.649849,-0.766085,-0.683645,0.093375,1620812680427125728
492,3.635831,-0.767738,-0.679806,0.095295,1620812680444683616
493,3.635974,-0.728756,-0.675966,0.102102,1620812680466162976
494,3.684564,-1.040257,-0.671952,0.095470,1620812680484245664
495,3.684693,-0.968416,-0.668112,0.100007,1620812680504981344
496,3.677914,-1.113515,-0.664447,0.096866,1620812680528518144
497,3.671521,-1.028789,-0.660607,0.103498,1620812680545909152
498,3.672159,-1.108928,-0.656593,0.105592,1620812680565376416
499,3.665837,-1.043554,-0.652230,0.103673,1620812680587433760
500,3.652945,-1.121276,-0.647517,0.113446,1620812680607846784
501,3.713652,-1.103418,-0.644201,0.109432,1620812680626332416
502,3.707899,-1.112202,-0.637220,0.115715,1620812680646040832
503,3.708474,-1.108776,-0.634951,0.114668,1620812680666299360
504,3.695907,-1.062859,-0.627795,0.120777,1620812680691177792
505,3.690140,-1.090534,-0.625351,0.119555,1620812680709665056
506,3.678029,-1.135295,-0.618196,0.125838,1620812680727717120
507,3.671605,-1.075943,-0.615752,0.137357,1620812680747678784
508,3.672560,-1.010898,-0.613309,0.138405,1620812680767047552
509,3.654607,-0.975768,-0.605629,0.145037,1620812680785077760
510,3.649539,-0.950295,-0.600219,0.143990,1620812680806751456
511,3.637162,-0.961076,-0.594983,0.153764,1620812680826058400
512,3.639838,-0.971297,-0.589572,0.150622,1620812680844827104
513,3.635204,-0.940541,-0.584336,0.159523,1620812680867277984
514,3.630643,-0.948992,-0.580846,0.157254,1620812680885204192
515,3.680738,-0.935853,-0.575610,0.161268,1620812680911230112
516,3.668564,-0.959319,-0.571944,0.157080,1620812680928417568
517,3.665634,-0.901817,-0.566534,0.156905,1620812680946589344
518,3.665620,-0.966921,-0.564614,0.158999,1620812680968694848
519,3.657121,-0.897293,-0.559203,0.159698,1620812680985955424
520,3.651256,-0.783375,-0.557458,0.165981,1620812681008235040
521,3.653046,-0.764627,-0.555713,0.164934,1620812681027995584
522,3.695722,-0.738538,-0.551350,0.172613,1620812681044138848
523,3.685789,-0.731774,-0.545415,0.173660,1620812681072014432
524,3.679972,-0.772195,-0.543496,0.179071,1620812681087772064
525,3.670378,-0.786360,-0.537387,0.184656,1620812681107985280
526,3.653328,-0.832409,-0.535118,0.193208,1620812681127886272
527,3.644208,-0.760252,-0.528660,0.196524,1620812681146300064
528,3.646412,-0.810333,-0.526566,0.190066,1620812681167719584
529,3.624371,-0.738908,-0.519759,0.206298,1620812681187224832
530,3.618941,-0.808376,-0.517316,0.194604,1620812681207626688
531,3.659478,-0.742801,-0.510160,0.209614,1620812681229018016
532,3.653956,-0.755179,-0.507891,0.205251,1620812681245975776
533,3.640082,-0.741164,-0.500909,0.210312,1620812681266968096
534,3.642589,-0.738260,-0.498641,0.209265,1620812681288545600
535,3.639820,-0.727289,-0.493928,0.215723,1620812681307886848
536,3.624038,-0.696844,-0.489390,0.214675,1620812681325540768
537,3.621584,-0.676460,-0.484678,0.206123,1620812681347365376
538,3.619272,-0.656565,-0.480140,0.215723,1620812681369368576
539,3.599008,-0.724033,-0.473159,0.214850,1620812681391444352
540,3.599008,-0.724033,-0.473159,0.214850,1620812681404187360
541,3.579129,-0.709784,-0.466003,0.214850,1620812681426716160
542,3.574240,-0.710678,-0.463734,0.220261,1620812681444226656
543,3.611905,-0.671963,-0.455356,0.220086,1620812681467598944
544,3.600310,-0.715949,-0.447851,0.221133,1620812681490816992
545,3.595445,-0.663485,-0.445408,0.228638,1620812681507061696
546,3.576285,-0.686951,-0.437554,0.231954,1620812681527053280
547,3.571554,-0.596273,-0.434936,0.242601,1620812681545848608
548,3.552919,-0.667671,-0.426908,0.243648,1620812681566479360
549,3.548329,-0.634305,-0.424290,0.253247,1620812681586000960
550,3.539237,-0.655942,-0.418530,0.249058,1620812681605348672
551,3.521324,-0.646382,-0.412945,0.256389,1620812681628332224
552,3.516522,-0.621863,-0.404218,0.265988,1620812681648704608
553,3.516161,-0.637802,-0.401251,0.265988,1620812681665798304
554,3.495472,-0.625303,-0.395317,0.268257,1620812681685126112
555,3.486953,-0.659650,-0.389383,0.271399,1620812681705138592
556,3.507999,-0.638744,-0.383274,0.278729,1620812681726639264
557,3.503550,-0.614776,-0.374024,0.285187,1620812681746140416
558,3.495311,-0.595197,-0.370882,0.286234,1620812681766432960
559,3.470643,-0.564114,-0.361458,0.286234,1620812681784843392
560,3.466620,-0.570308,-0.358316,0.278729,1620812681804669504
561,3.442486,-0.469136,-0.348891,0.291470,1620812681830707616
562,3.434837,-0.548252,-0.345750,0.284140,1620812681846747360
563,3.431027,-0.512799,-0.342608,0.288328,1620812681871009312
564,3.407655,-0.492882,-0.333009,0.284140,1620812681886357888
565,3.403948,-0.480881,-0.326726,0.297928,1620812681906173792
566,3.389714,-0.491186,-0.320268,0.288328,1620812681931951424
567,3.382760,-0.481887,-0.313810,0.295833,1620812681945654208
568,3.369197,-0.457463,-0.307527,0.285187,1620812681973371744
569,3.348787,-0.453540,-0.301069,0.295833,1620812681986608128
570,3.344398,-0.432456,-0.294612,0.291470,1620812682005041728
571,3.341332,-0.449609,-0.288328,0.288328,1620812682028366624
572,3.320344,-0.438443,-0.281871,0.294786,1620812682046011488
573,3.314436,-0.453696,-0.275587,0.285187,1620812682065438976
574,3.323714,-0.437155,-0.270352,0.287107,1620812682085646368
575,3.314625,-0.434869,-0.263894,0.282918,1620812682106468416
576,3.291265,-0.396720,-0.257611,0.282918,1620812682130025280
577,3.282639,-0.384531,-0.251327,0.280823,1620812682145565024
578,3.276981,-0.379819,-0.245044,0.281871,1620812682170517120
579,3.260114,-0.357961,-0.238936,0.287107,1620812682187252512
580,3.252237,-0.354990,-0.232478,0.275413,1620812682207227168
581,3.229617,-0.336345,-0.226369,0.285012,1620812682229903744
582,3.219805,-0.341733,-0.217119,0.283965,1620812682245279904
583,3.219805,-0.309165,-0.217119,0.283965,1620812682266517376
584,3.197245,-0.299374,-0.204727,0.285012,1620812682286146720
585,3.195086,-0.282378,-0.201586,0.279602,1620812682307827584
586,3.171185,-0.268503,-0.192335,0.280649,1620812682328176448
587,3.167080,-0.263791,-0.189194,0.279602,1620812682346081696
588,3.143655,-0.237319,-0.179943,0.281696,1620812682366797440
589,3.141808,-0.235203,-0.176802,0.278555,1620812682386532512
590,3.140103,-0.212384,-0.170693,0.275238,1620812682406743840
591,3.124259,-0.202164,-0.161443,0.277333,1620812682428095616
592,3.127730,-0.186771,-0.159698,0.276460,1620812682447776320
593,3.123899,-0.170626,-0.150447,0.277507,1620812682465992992
594,3.101109,-0.151498,-0.147306,0.278555,1620812682487610368
595,3.099423,-0.160388,-0.144164,0.278555,1620812682505777920
596,3.082718,-0.133164,-0.131772,0.277507,1620812682535115680
597,3.082718,-0.133164,-0.131772,0.277507,1620812682544518880
598,3.069528,-0.115169,-0.122348,0.276460,1620812682566576832
599,3.057955,-0.098776,-0.119381,0.278729,1620812682585538144
600,3.044107,-0.088440,-0.109956,0.276635,1620812682607489760
601,3.014012,-0.062861,-0.100705,0.282045,1620812682631800928
602,3.011933,-0.067809,-0.097564,0.278904,1620812682644071328
603,3.011079,-0.046798,-0.091281,0.282220,1620812682668949792
604,2.989703,-0.027409,-0.081856,0.283267,1620812682685831616
605,2.988956,-0.022883,-0.078714,0.283267,1620812682704892768
606,2.975011,-0.021693,-0.069464,0.287456,1620812682730870336
607,2.974141,-0.014893,-0.066323,0.287281,1620812682751083168
608,2.973312,-0.011503,-0.063181,0.280998,1620812682765576416
609,2.943572,0.010655,-0.053756,0.281871,1620812682786456128
610,2.942343,0.019011,-0.047647,0.283092,1620812682805961952
611,2.913463,0.032504,-0.041364,0.278555,1620812682829221280
612,2.913059,0.043463,-0.035256,0.282918,1620812682844525824
613,2.903097,0.050652,-0.029147,0.276460,1620812682868489216
614,2.893664,0.060511,-0.023038,0.280823,1620812682885726432
615,2.884228,0.066129,-0.016930,0.277507,1620812682908089952
616,2.866178,0.088942,-0.007679,0.275413,1620812682928369792
617,2.857560,0.092572,-0.004887,0.279602,1620812682950716096
618,2.857251,0.101710,0.001222,0.274366,1620812682971851488
619,2.830341,0.110161,0.007156,0.277507,1620812682991367456
620,2.821660,0.119366,0.013265,0.277507,1620812683005067264
621,2.813042,0.137897,0.019373,0.275413,1620812683029250240
622,2.804900,0.147202,0.025307,0.273144,1620812683045319360
623,2.805666,0.154675,0.031241,0.279427,1620812683067720416
624,2.780671,0.177653,0.040317,0.278380,1620812683088725632
625,2.772308,0.184319,0.043459,0.282569,1620812683104674848
626,2.755709,0.197821,0.049567,0.271748,1620812683126976544
627,2.750957,0.197995,0.053058,0.282394,1620812683146106336
628,2.742847,0.220374,0.061959,0.282220,1620812683167061760
629,2.726226,0.227651,0.065101,0.282394,1620812683185278528
630,2.711231,0.248682,0.074176,0.285710,1620812683206105824
631,2.696844,0.275701,0.083252,0.277333,1620812683227920800
632,2.688874,0.278813,0.086219,0.280474,1620812683244718592
633,2.689923,0.284955,0.092328,0.279427,1620812683269794432
634,2.667519,0.291324,0.098262,0.280823,1620812683285003040
635,2.668858,0.306993,0.104371,0.276635,1620812683306553472
636,2.645939,0.304614,0.110479,0.283092,1620812683327592864
637,2.635686,0.338831,0.117286,0.273668,1620812683345977632
638,2.620227,0.317817,0.123395,0.284489,1620812683366302272
639,2.604968,0.365910,0.129503,0.276984,1620812683386406144
640,2.592939,0.366130,0.135612,0.284314,1620812683405438880
641,2.594425,0.368329,0.141721,0.281173,1620812683426594112
642,2.570939,0.364005,0.147829,0.282220,1620812683446162048
643,2.576028,0.372675,0.154113,0.287456,1620812683468097056
644,2.553031,0.391105,0.160221,0.279078,1620812683490212192
645,2.547981,0.402862,0.166330,0.284140,1620812683505945408
646,2.525428,0.409932,0.172613,0.284140,1620812683527455264
647,2.502877,0.410890,0.179769,0.284140,1620812683544896128
648,2.497824,0.409782,0.185878,0.283092,1620812683572121472
649,2.477384,0.435374,0.195128,0.278904,1620812683589281504
650,2.470678,0.427750,0.198269,0.279951,1620812683606911456
651,2.459693,0.427516,0.204378,0.275762,1620812683627033344
652,2.449119,0.451759,0.213454,0.280125,1620812683646926912
653,2.449155,0.449183,0.216421,0.271573,1620812683667316960
654,2.424056,0.472165,0.225497,0.275762,1620812683687614240
655,2.395236,0.521028,0.227940,0.267035,1620812683706830592
656,2.373824,0.527827,0.233874,0.268083,1620812683727689984
657,2.370020,0.538457,0.242601,0.264941,1620812683747843072
658,2.363901,0.535452,0.245393,0.271224,1620812683767018112
659,2.348670,0.564156,0.254294,0.266861,1620812683790437664
660,2.345674,0.562945,0.260229,0.265814,1620812683810443488
661,2.325539,0.568982,0.265988,0.271224,1620812683828147584
662,2.322862,0.576122,0.268955,0.268083,1620812683845069152
663,2.317311,0.596918,0.271922,0.266861,1620812683874980512
664,2.273193,0.605634,0.279253,0.271573,1620812683887056448
665,2.262039,0.609188,0.285187,0.274715,1620812683905309632
666,2.245748,0.658476,0.294263,0.269479,1620812683928111040
667,2.240436,0.663401,0.297230,0.274889,1620812683947432640
668,2.235184,0.674330,0.300197,0.280125,1620812683966025056
669,2.219782,0.633647,0.309098,0.281173,1620812683985848032
670,2.218358,0.658570,0.315206,0.272620,1620812684006431296
671,2.173265,0.639630,0.321664,0.281173,1620812684027711424
672,2.163138,0.654845,0.327598,0.275762,1620812684046077280
673,2.153250,0.637190,0.333707,0.277856,1620812684067801312
674,2.135144,0.662733,0.339816,0.282045,1620812684087040992
675,2.134222,0.671590,0.345924,0.276809,1620812684106664288
676,2.120607,0.657000,0.355000,0.283092,1620812684127001504
677,2.124694,0.701401,0.360934,0.280998,1620812684146535520
678,2.111967,0.666065,0.364076,0.280998,1620812684172389536
679,2.058623,0.680022,0.372279,0.278031,1620812684186440416
680,2.049981,0.639275,0.375420,0.280125,1620812684207579168
681,2.041445,0.665775,0.384322,0.276984,1620812684226321440
682,2.033226,0.638619,0.387289,0.274889,1620812684246055968
683,2.025285,0.704621,0.396015,0.275937,1620812684267860928
684,2.005442,0.728710,0.401949,0.257785,1620812684288736640
685,1.953719,0.745116,0.407883,0.268257,1620812684307015424
686,1.941615,0.744946,0.410676,0.263894,1620812684329135328
687,1.930398,0.769746,0.419403,0.276809,1620812684347159360
688,1.923243,0.739951,0.425337,0.266337,1620812684369658912
689,1.923243,0.739951,0.425337,0.266337,1620812684384365600
690,1.912992,0.803733,0.434063,0.269479,1620812684408853408
691,1.909707,0.777472,0.437030,0.275937,1620812684427672064
692,1.839104,0.819531,0.444884,0.275587,1620812684444977088
693,1.832496,0.756064,0.450819,0.283791,1620812684466809568
694,1.826154,0.869099,0.456927,0.282569,1620812684484844736
695,1.823110,0.823127,0.463210,0.282569,1620812684505579584
696,1.814304,0.878935,0.469494,0.284663,1620812684527782464
697,1.811637,0.864379,0.475602,0.283791,1620812684547278208
698,1.751667,0.895970,0.483980,0.295659,1620812684565378304
699,1.725006,0.910430,0.490088,0.292517,1620812684586034240
700,1.722324,0.944375,0.493056,0.290423,1620812684605899808
701,1.706826,0.978620,0.502306,0.292692,1620812684626688000
702,1.704440,0.973552,0.505447,0.290597,1620812684645030848
703,1.635002,1.006588,0.516617,0.286059,1620812684667573760
704,1.622475,1.005338,0.525693,0.290248,1620812684688082368
705,1.615952,1.057576,0.528660,0.291295,1620812684705565376
706,1.604334,0.976108,0.537910,0.293390,1620812684733701344
707,1.537535,1.025403,0.541925,0.290248,1620812684744524096
708,1.543158,1.003050,0.545066,0.288154,1620812684765521600
709,1.516209,1.078276,0.554491,0.294612,1620812684786921728
710,1.512709,1.055080,0.560949,0.289201,1620812684804845184
711,1.495956,1.104588,0.567232,0.291295,1620812684833000832
712,1.425245,1.075327,0.572992,0.286758,1620812684844251392
713,1.422058,1.079187,0.579100,0.295310,1620812684865481472
714,1.411664,1.180789,0.588700,0.282569,1620812684892725248
715,1.401644,1.126667,0.591667,0.292343,1620812684907237600
716,1.393171,1.178868,0.598124,0.278380,1620812684927709184
717,1.327950,1.115088,0.607200,0.279253,1620812684946794624
718,1.319452,1.186776,0.610167,0.281347,1620812684966283840
719,1.311058,1.130358,0.613134,0.282394,1620812684986709152
720,1.294645,1.131981,0.622210,0.281347,1620812685007050336
721,1.213253,1.104044,0.631111,0.279602,1620812685025495520
722,1.205210,1.102095,0.634078,0.282743,1620812685046821248
723,1.204499,1.023874,0.637220,0.282743,1620812685066541280
724,1.181773,1.093953,0.646121,0.280474,1620812685085900736
725,1.188196,1.024421,0.652230,0.282743,1620812685106961152
726,1.091518,1.110293,0.662178,0.285361,1620812685128746656
727,1.091518,1.110293,0.662178,0.285361,1620812685146567328
728,1.090774,1.150030,0.671254,0.284314,1620812685164492640
729,1.076716,1.154362,0.674221,0.285361,1620812685186857568
730,0.999774,1.175215,0.683820,0.288677,1620812685207222208
731,0.999730,1.221051,0.686962,0.287630,1620812685227890720
732,0.979146,1.200652,0.696386,0.288677,1620812685244545344
733,0.972283,1.247004,0.699353,0.287630,1620812685270718816
734,0.880388,1.243945,0.711222,0.285536,1620812685284509472
735,0.874317,1.274689,0.717330,0.289725,1620812685305118400
736,0.861309,1.306073,0.723614,0.286409,1620812685329372000
737,0.782163,1.323513,0.730071,0.285536,1620812685344643456
738,0.769275,1.303717,0.736180,0.283267,1620812685364987328
739,0.756678,1.276010,0.742289,0.296008,1620812685385733152
740,0.750996,1.337772,0.748572,0.280998,1620812685407710560
741,0.752112,1.294474,0.754680,0.291819,1620812685425630912
742,0.657490,1.300715,0.758869,0.289376,1620812685446405408
743,0.653125,1.314498,0.768119,0.290423,1620812685465734688
744,0.653146,1.318919,0.771086,0.286059,1620812685485575808
745,0.560154,1.347363,0.778242,0.279602,1620812685505533440
746,0.555083,1.391145,0.781384,0.275238,1620812685526567872
747,0.542364,1.357525,0.790285,0.281696,1620812685544095200
748,0.461618,1.339326,0.799535,0.289201,1620812685567705280
749,0.436450,1.390069,0.802677,0.284838,1620812685589073824
750,0.438190,1.402902,0.805819,0.286932,1620812685604653920
751,0.342778,1.433627,0.815243,0.297230,1620812685627396864
752,0.344604,1.394074,0.821526,0.298277,1620812685645238944
753,0.334325,1.357522,0.824668,0.296008,1620812685667446720
754,0.238444,1.392725,0.836362,0.300022,1620812685686680160
755,0.228535,1.468713,0.842296,0.292517,1620812685708260320
756,0.135938,1.438738,0.850499,0.291819,1620812685727144288
757,0.138128,1.437263,0.856259,0.281173,1620812685743646496
758,0.131138,1.359826,0.862193,0.272795,1620812685766581888
759,0.031850,1.423668,0.869698,0.271922,1620812685793159456
760,0.037071,1.497460,0.872490,0.265465,1620812685806021760
761,0.025530,1.461990,0.878075,0.272969,1620812685825707680
762,-0.068505,1.468360,0.882438,0.275413,1620812685844108992
763,-0.077240,1.445207,0.890991,0.276460,1620812685866827936
764,-0.074304,1.431296,0.893783,0.280649,1620812685885209312
765,-0.182935,1.419076,0.905128,0.301767,1620812685904418400
766,-0.278137,1.609152,0.916123,0.294088,1620812685927884704
767,-0.274999,1.494299,0.919090,0.297404,1620812685944392032
768,-0.282824,1.692460,0.922232,0.291994,1620812685965090496
769,-0.391532,1.787253,0.934449,0.295833,1620812685990011200
770,-0.476944,1.769543,0.940558,0.294961,1620812686005774400
771,-0.487785,1.756270,0.943874,0.290597,1620812686026870144
772,-0.500274,1.855377,0.946841,0.286409,1620812686046810432
773,-0.596966,1.823132,0.955568,0.304036,1620812686066676512
774,-0.709935,1.883609,0.967960,0.304036,1620812686090937248
775,-0.711280,1.879122,0.970927,0.300720,1620812686104181952
776,-0.712488,1.767731,0.974068,0.296531,1620812686125953408
777,-0.815110,1.815785,0.985413,0.295833,1620812686146181632
778,-0.816057,1.850362,0.988380,0.297055,1620812686165415680
779,-0.923976,1.888634,0.999201,0.275238,1620812686186186624
780,-1.021605,1.779275,1.005833,0.285012,1620812686205395168
781,-1.037053,1.768475,1.011767,0.276460,1620812686225966176
782,-27.780007,3.999296,2.569997,0.286758,1620812686245438592
783,-1.135999,1.554029,1.025206,0.281522,1620812686266728960
784,-1.249207,1.532395,1.032362,0.289725,1620812686286955712
785,-27.520163,3.746346,2.584309,0.279427,1620812686304291744
786,-1.353295,1.472898,1.042660,0.278729,1620812686326576352
787,-1.457599,1.608965,1.050339,0.276809,1620812686346895680
788,-1.462040,1.514792,1.058891,0.273668,1620812686367203872
789,-1.576065,1.682142,1.065349,0.272446,1620812686383930272
790,-1.685233,1.799219,1.072330,0.283965,1620812686406616960
791,-1.680099,1.771440,1.075297,0.279602,1620812686425157248
792,-26.643015,4.049922,2.650632,0.283965,1620812686446356544
793,-1.885302,1.849505,1.091180,0.273842,1620812686466744640
794,-2.000071,1.854312,1.094321,0.272795,1620812686485904256
795,-26.317491,4.314116,2.684491,0.277507,1620812686508002944
796,-2.104170,1.846920,1.103921,0.266337,1620812686525471904
797,-2.219234,1.893746,1.112822,0.262498,1620812686545528064
798,-2.320422,1.910285,1.116313,0.276635,1620812686564967488
799,-2.431737,1.880060,1.125039,0.253422,1620812686585822528
800,-25.795673,4.359251,2.738073,0.266861,1620812686607614496
801,-2.535616,1.806141,1.136209,0.243473,1620812686624604320
802,-2.647214,1.832565,1.139700,0.246790,1620812686644559552
803,-2.749005,1.725428,1.144761,0.245917,1620812686668498528
804,-2.864863,1.770437,1.151394,0.237190,1620812686684794400
805,-2.970765,1.697673,1.157328,0.233874,1620812686707901760
806,-25.355714,4.234603,2.783975,0.286059,1620812686726123808
807,-3.080513,1.987411,1.165007,0.227416,1620812686744897760
808,-3.172546,2.032907,1.171640,0.228638,1620812686765805344
809,-3.284880,1.994428,1.177050,0.223402,1620812686783855136
810,-3.397330,2.029477,1.184380,0.214675,1620812686804834432
811,-3.503434,1.948927,1.185951,0.217992,1620812686824468448
812,-3.616059,2.032608,1.193980,0.223402,1620812686844784512
813,-3.718634,1.988298,1.196249,0.216770,1620812686872020384
814,-24.891379,4.608453,2.791480,0.325678,1620812686884590784
815,-3.934163,1.855988,1.204277,0.214850,1620812686905147808
816,-4.139634,2.032382,1.209339,0.211359,1620812686928031712
817,-4.256273,1.900353,1.210037,0.217817,1620812686943717344
818,-4.369597,1.945063,1.215796,0.213454,1620812686973259264
819,-24.650319,3.960824,2.746974,0.337372,1620812686986550752
820,-4.696150,1.920319,1.223999,0.205076,1620812687005321280
821,-4.699456,1.862009,1.226094,0.208392,1620812687033029984
822,-4.912889,1.879850,1.230108,0.208392,1620812687047936704
823,-5.012888,1.806276,1.230283,0.207345,1620812687066492064
824,-5.129698,1.913066,1.236217,0.205251,1620812687086576448
825,-5.229817,1.891738,1.238660,0.208567,1620812687105047808
826,-5.451121,1.985069,1.243198,0.202109,1620812687126123136
827,-24.104740,4.069511,2.617121,0.358665,1620812687147589792
828,-5.776176,1.991694,1.247736,0.187972,1620812687165607264
829,-5.873636,1.946009,1.248958,0.201760,1620812687184893984
830,-5.987637,2.027968,1.253670,0.186052,1620812687205590560
831,-6.196405,1.932597,1.257161,0.184656,1620812687225318048
832,-6.302834,2.006983,1.258208,0.176278,1620812687245670240
833,-6.522429,1.934668,1.260477,0.177325,1620812687267846848
834,-6.626030,2.015392,1.263967,0.159872,1620812687283854272
835,-6.848765,1.921982,1.269552,0.161268,1620812687304767296
836,-23.566039,3.761720,2.494250,0.315905,1620812687326757984
837,-7.169864,1.817225,1.274788,0.146608,1620812687346066944
838,-7.273518,1.919449,1.274963,0.147306,1620812687364534752
839,-23.340792,3.325667,2.446253,0.307352,1620812687385727200
840,-7.597709,1.947778,1.278977,0.137706,1620812687405089248
841,-7.818465,1.955542,1.284562,0.138754,1620812687424615168
842,-8.031343,2.062185,1.285260,0.127060,1620812687445664896
843,-8.252418,2.013288,1.287006,0.131249,1620812687465465312
844,-8.353599,2.079199,1.288053,0.121649,1620812687484404320
845,-8.676138,1.967184,1.290846,0.124966,1620812687504157600
846,-22.798502,3.500906,2.336298,0.270875,1620812687525718304
847,-9.001353,1.908873,1.293289,0.115192,1620812687543454944
848,-22.622111,3.268423,2.309943,0.279776,1620812687567442912
849,-9.085785,1.844225,1.295558,0.099135,1620812687585561184
850,-22.468258,3.125943,2.281494,0.279776,1620812687604856672
851,-9.310023,1.771037,1.299223,0.118159,1620812687625354848
852,-9.510484,1.774067,1.301667,0.108385,1620812687645117792
853,-9.622657,1.617476,1.301317,0.105941,1620812687667458560
854,-9.833980,1.734839,1.299049,0.101229,1620812687682859808
855,-9.948491,1.761686,1.299747,0.106814,1620812687704062112
856,-21.895294,3.021238,2.191784,0.267734,1620812687726518208
857,-10.274419,1.894931,1.304459,0.098960,1620812687741456256
858,-10.485907,1.990641,1.307601,0.107687,1620812687773598176
859,-10.587403,1.917146,1.308997,0.100880,1620812687783616512
860,-10.803440,1.875803,1.307426,0.094248,1620812687805515424
861,-10.915736,1.863414,1.307950,0.095819,1620812687825761696
862,-11.116561,1.829314,1.311964,0.103498,1620812687845303456
863,-11.120992,1.856234,1.312488,0.102276,1620812687865186784
864,-11.324043,1.803295,1.312139,0.080111,1620812687888578816
865,-11.434172,1.815751,1.311615,0.078365,1620812687903983808
866,-11.648062,1.807473,1.315455,0.091630,1620812687924127360
867,-11.758240,1.784627,1.318247,0.081856,1620812687944432320
868,-11.974342,1.770156,1.317200,0.078889,1620812687965713728
869,-21.137156,2.825293,2.057918,0.235794,1620812687989940928
870,-21.137156,2.825293,2.057918,0.235794,1620812688003505024
871,-21.136989,2.971499,2.059489,0.231605,1620812688027741600
872,-21.136989,2.971499,2.059489,0.231605,1620812688042662784
873,-21.132400,2.870368,2.060885,0.232478,1620812688062795104
874,-21.127869,3.015358,2.061408,0.232478,1620812688083642816
875,-21.123131,2.893298,2.062630,0.227242,1620812688102118208
876,-21.127261,2.831873,2.062979,0.220959,1620812688123147360
877,-21.124713,2.801284,2.063503,0.215374,1620812688143678816
878,-21.128923,2.780649,2.063503,0.216421,1620812688170130560
879,-21.113463,2.688538,2.063852,0.209963,1620812688188696096
880,-21.117667,2.647261,2.063852,0.206822,1620812688202743872
881,-21.113151,2.677899,2.063852,0.202633,1620812688225184992
882,-21.117510,2.636203,2.063503,0.201586,1620812688242647360
883,-21.115273,2.842100,2.063154,0.196350,1620812688263239232
884,-21.106809,2.790167,2.062630,0.196175,1620812688283264096
885,-21.102500,2.583492,2.062281,0.193906,1620812688303768096
886,-21.109290,2.788603,2.061408,0.186925,1620812688323912640
887,-21.094211,2.705714,2.061059,0.188845,1620812688342764256
888,-21.101061,2.931252,2.060187,0.180467,1620812688362971584
889,-21.096843,2.848387,2.059838,0.180467,1620812688381000544
890,-21.093232,2.702467,2.058441,0.175929,1620812688402112256
891,-21.084959,2.866221,2.057743,0.179071,1620812688422179520
892,-21.083667,2.720215,2.056172,0.170519,1620812688442636800
893,-21.088300,2.801787,2.055649,0.170344,1620812688463191552
894,-21.087201,2.481450,2.053903,0.163886,1620812688483751936
895,-21.078987,2.644911,2.053205,0.162839,1620812688503616000
896,-21.078072,2.334875,2.051285,0.158650,1620812688522034848
897,-21.080670,2.518681,2.050587,0.157603,1620812688542751808
898,-21.067006,2.249768,2.048318,0.148004,1620812688563273472
899,-21.072494,2.380574,2.046399,0.145910,1620812688583020608
900,-21.066768,2.379433,2.045351,0.145910,1620812688602246528
901,-21.072753,2.702980,2.042384,0.143990,1620812688621221600
902,-21.069438,2.619807,2.041163,0.136310,1620812688642942368
903,-21.058820,2.737622,2.037497,0.133169,1620812688662720224
904,-21.050718,2.783528,2.033483,0.127933,1620812688685770592
905,-21.050718,2.783528,2.033483,0.127933,1620812688703074880
906,-21.048711,2.676400,2.029120,0.123569,1620812688725300000
907,-21.043260,2.826595,2.027724,0.120253,1620812688742659456
908,-21.048999,2.660698,2.024756,0.115192,1620812688762473440
909,-21.035757,2.778099,2.021615,0.117286,1620812688784495904
910,-21.031014,2.519739,2.016728,0.118333,1620812688801375104
911,-21.017685,2.465424,2.013412,0.114145,1620812688830279264
912,-21.020564,2.440912,2.009572,0.113446,1620812688839775616
913,-21.015131,2.559392,2.007827,0.115366,1620812688863267008
914,-21.134386,2.389611,2.026676,0.111177,1620812688887624384
915,-21.139664,2.468871,2.025106,0.112923,1620812688902803264
916,-21.283493,2.206157,2.045700,0.114494,1620812688922914848
917,-21.291665,2.490348,2.043781,0.116239,1620812688943038944
918,-21.417181,2.553890,2.063154,0.094771,1620812688970299488
919,-21.404231,2.747155,2.061234,0.096691,1620812688983280832
920,-21.569275,2.915350,2.079211,0.094597,1620812689003245696
921,-21.558747,2.871480,2.077465,0.093375,1620812689023434112
922,-21.685965,3.121476,2.099631,0.100007,1620812689044019584
923,-21.691686,3.160704,2.097711,0.099833,1620812689060393792
924,-21.832376,3.247314,2.121448,0.087965,1620812689083372960
925,-21.838235,2.860985,2.117957,0.087266,1620812689102582688
926,-21.990831,3.224290,2.141868,0.069988,1620812689122697856
927,-21.983391,2.876453,2.137854,0.069464,1620812689144133312
928,-22.147758,2.841115,2.160892,0.081507,1620812689165113664
929,-22.140398,2.673547,2.156878,0.078540,1620812689183240544
930,-22.295575,2.912748,2.192657,0.076794,1620812689203387296
931,-22.288328,2.710712,2.188643,0.076794,1620812689223749152
932,-22.287355,2.620997,2.186723,0.076794,1620812689243962240
933,-22.451244,2.720612,2.216045,0.076271,1620812689269773472
934,-22.515612,2.812448,2.227040,0.061959,1620812689287289056
935,-22.508688,2.585136,2.222851,0.061959,1620812689301919648
936,-22.508231,2.893739,2.220757,0.061087,1620812689323195424
937,-22.697994,2.738629,2.259678,0.056898,1620812689341295904
938,-22.694546,2.984555,2.257583,0.054803,1620812689362176832
939,-22.824761,3.094615,2.265088,0.054454,1620812689381607584
940,-22.989834,3.232929,2.300693,0.046077,1620812689401972320
941,-22.986507,3.114742,2.298250,0.048346,1620812689422873216
942,-23.047103,3.163282,2.307849,0.037350,1620812689442544000
943,-23.043961,3.067865,2.305405,0.034383,1620812689462163712
944,-23.102791,3.417938,2.324779,0.034907,1620812689481024000
945,-23.274824,3.052591,2.348864,0.035430,1620812689500982880
946,-23.485083,3.350315,2.378011,0.026878,1620812689521816480
947,-23.472471,3.003592,2.374870,0.023038,1620812689542272096
948,-23.546015,3.121494,2.393195,0.019897,1620812689561279168
949,-23.707433,2.933439,2.416757,0.013090,1620812689581171872
950,-23.783369,3.224551,2.436654,0.013265,1620812689601113344
951,-23.848824,3.120604,2.451315,0.005585,1620812689621369376
952,-23.842963,3.108262,2.449395,0.005760,1620812689641321120
953,-23.835103,2.881505,2.443810,0.007156,1620812689661170048
954,-24.009608,3.170623,2.468245,0.006109,1620812689681867488
955,-23.999636,2.993558,2.464579,0.000524,1620812689701242144
956,-24.068490,3.160324,2.479938,-0.006807,1620812689726177376
957,-24.066847,3.157963,2.478018,-0.004887,1620812689742890720
958,-24.144673,3.188017,2.502453,-0.005061,1620812689764007040
959,-24.139103,3.258033,2.498439,-0.016581,1620812689779691424
960,-24.212721,3.152962,2.514845,-0.024609,1620812689801279008
961,-24.211464,3.125301,2.512751,-0.024958,1620812689823377664
962,-24.281230,3.274282,2.531426,-0.043284,1620812689842027680
963,-24.275816,3.220863,2.529157,-0.043633,1620812689860596000
964,-24.347299,3.444001,2.545039,-0.048695,1620812689883091040
965,-24.430669,3.470066,2.564936,-0.050265,1620812689901825536
966,-24.420335,3.313334,2.562667,-0.051313,1620812689923012320
967,-24.546034,3.652502,2.567030,-0.044331,1620812689941240800
968,-24.631345,3.703888,2.585531,-0.054105,1620812689960783488
969,-24.712354,4.016538,2.593734,-0.076794,1620812689980908416
970,-24.707449,4.242434,2.589021,-0.080634,1620812690003503232
971,-24.702140,4.445451,2.586578,-0.079587,1620812690024927424
972,-24.766408,3.868506,2.598970,-0.079936,1620812690041184384
973,-24.865268,3.599225,2.611362,-0.089884,1620812690069879552
974,-24.941646,3.495888,2.619914,-0.100705,1620812690081317248
975,-24.946374,3.332417,2.614852,-0.091455,1620812690100231936
976,-25.033624,3.321725,2.627419,-0.103323,1620812690124433760
977,-25.112766,3.447341,2.630735,-0.126711,1620812690140018432
978,-25.103457,3.523062,2.628291,-0.130725,1620812690171150336
979,-25.188930,3.550036,2.628815,-0.148004,1620812690181433888
980,-25.284321,3.600273,2.627070,-0.143466,1620812690201633056
981,-25.367362,3.429298,2.624452,-0.161268,1620812690222377408
982,-25.359071,3.448563,2.619041,-0.162839,1620812690242777696
983,-25.451788,3.528286,2.619914,-0.175929,1620812690260195296
984,-25.542657,3.491570,2.611885,-0.167377,1620812690281806816
985,-25.642579,3.537076,2.606824,-0.175929,1620812690300913536
986,-25.721633,3.468766,2.602111,-0.180642,1620812690321602336
987,-25.726890,3.513380,2.596526,-0.188321,1620812690340872160
988,-25.816460,3.455962,2.592338,-0.203680,1620812690363306432
989,-25.907228,3.543398,2.580295,-0.211010,1620812690382130976
990,-26.011454,3.407803,2.575233,-0.213803,1620812690401050592
991,-26.104596,3.572049,2.563540,-0.229336,1620812690421973312
992,-26.298997,3.366492,2.551148,-0.231256,1620812690439590752
993,-26.449272,3.627677,2.537360,-0.235794,1620812690463751296
994,-26.548805,3.380884,2.523397,-0.248186,1620812690486545856
995,-26.649467,3.469714,2.514496,-0.247662,1620812690500993984
996,-26.646370,3.289422,2.511180,-0.249757,1620812690520971360
997,-26.839228,3.588861,2.492156,-0.260927,1620812690540452096
998,-26.956953,3.205063,2.484302,-0.260578,1620812690562573600
999,-27.038560,3.067444,2.469466,-0.252375,1620812690580523392
1000,-27.278010,2.930996,2.458471,-0.258309,1620812690600466464
1001,-27.267100,3.172598,2.455155,-0.257087,1620812690620438624
1002,-27.559674,3.106782,2.441890,-0.242426,1620812690641558112
1003,-27.676470,3.392824,2.436829,-0.257087,1620812690661181344
1004,-27.895843,3.214267,2.419899,-0.259007,1620812690681874464
1005,-27.887645,3.330958,2.416757,-0.255342,1620812690698767680
1006,-28.104462,3.160802,2.397559,-0.254469,1620812690722896000
1007,-28.225209,3.176484,2.391276,-0.261101,1620812690740753088
1008,-28.462791,3.021352,2.382025,-0.251851,1620812690762681920
1009,-28.438755,3.126109,2.378709,-0.254294,1620812690781732992
1010,-28.677701,2.993319,2.367714,-0.267734,1620812690801873344
1011,-28.802204,3.134691,2.367190,-0.257611,1620812690823527808
1012,-28.903841,2.976386,2.354275,-0.272969,1620812690841702272
1013,-29.300154,3.160752,2.351308,-0.282045,1620812690863298784
1014,-29.413163,3.334482,2.341185,-0.256563,1620812690880454816
1015,-29.530903,3.646258,2.337345,-0.220610,1620812690901787680
1016,-29.659703,3.628025,2.340661,-0.247139,1620812690921250784
1017,-29.897366,3.583615,2.342232,-0.234223,1620812690940581408
1018,-29.952615,3.572396,2.350260,-0.242775,1620812690961185088
