frame,gpsnh,gpsnl,gpseh,gpsel,heading_angle,yaw_rate,gps_state,gps_velocity,acceleration_forward,acceleration_lateral,acceleration_down,pitch_angle,velocity_down,velocity_lateral,velocity_forward,roll_angle
1,36,0.17773,120,0.487682,174.66,-0.18,4,0.02,-0.487,-7.945,-11.675,0.64,-2.68,0,0,5.83
2,36,0.177729,120,0.487682,175.92,0.1,4,0.65,1.897,3.945,-17.044,0.31,-2.58,0,0.67,6.07
3,36,0.177728,120,0.487682,176.25,-0.01,4,0.45,-5.394,4.783,11.492,0.48,-2.34,0,0.44,5.85
4,36,0.177727,120,0.487682,176.65,-0.03,4,0.47,2.455,0.587,-2.801,0.79,-2.32,0.01,0.52,5.8
5,36,0.177726,120,0.487682,176.93,-0.18,4,0.69,2.046,-2.167,-16.404,0.97,-2.24,0.02,0.46,5.51
6,36,0.177726,120,0.487682,177.12,1.02,4,0.53,4.193,-5.917,-2.04,0.62,-2.32,0.02,0.6,5.55
7,36,0.177725,120,0.487682,177.35,0.46,4,0.53,-2.471,5.439,-11.518,0.81,-2.43,0.02,0.56,5.38
8,36,0.177724,120,0.487682,177.58,-0.12,4,0.64,1.665,-4.844,-17.912,0.96,-2.73,0.02,0.57,5.31
9,36,0.177723,120,0.487682,177.67,0.47,4,0.57,-7.118,-2.056,-17.513,0.99,-2.62,0.02,0.57,5.49
10,36,0.177722,120,0.487682,177.89,-0.26,4,0.52,0.181,0.433,-17.403,1.13,-2.27,0.01,0.53,5.58
11,36,0.177721,120,0.487682,178.04,-0.26,4,0.57,0.889,0.733,-16.424,0.99,-2.47,0.02,0.64,5.54
12,36,0.17772,120,0.487682,178.11,-0.29,4,0.54,4.369,-4.953,5.716,1.04,-2.51,0.01,0.66,5.64
13,36,0.177719,120,0.487682,178.24,0.29,4,0.57,-5.51,4.543,-0.487,1.25,-2.48,0.01,0.44,6.06
14,36,0.177718,120,0.487682,178.33,0.69,4,0.58,-5.579,7.557,-12.999,1.01,-2.59,0.01,0.59,6.15
15,36,0.177717,120,0.487682,178.27,0.33,4,0.52,-4.525,3.871,-13.9,1.01,-2.89,0.01,0.53,6.08
16,36,0.177716,120,0.487682,178.36,-0.12,4,0.58,2.219,-8.589,-18.088,0.81,-2.58,0.01,0.51,6.06
17,36,0.177715,120,0.487682,178.31,0.25,4,0.56,-3.822,1.636,-17.235,0.68,-2.77,0.01,0.52,6.08
18,36,0.177714,120,0.487682,178.39,0.16,4,0.58,2.773,-6.258,-4.082,0.55,-2.99,0.01,0.59,6.2
19,36,0.177713,120,0.487682,178.41,-0.42,4,0.61,-2.901,9.436,-16.362,0.46,-2.8,0.01,0.41,6.56
20,36,0.177713,120,0.487682,178.48,0.18,4,0.66,6.859,-4.812,6.913,0.24,-2.84,0.01,0.66,6.89
21,36,0.177712,120,0.487682,178.54,0.05,4,0.64,0.606,3.203,-17.094,0.35,-2.46,0.01,0.66,7.16
22,36,0.177711,120,0.487682,178.58,0.08,4,0.69,1.65,5.486,-4.188,0.49,-2.24,0.01,0.69,6.97
23,36,0.17771,120,0.487682,178.56,0.13,4,0.71,-0.026,-3.289,11.598,0.62,-2.29,0.01,0.7,6.58
24,36,0.177709,120,0.487682,178.66,0.14,4,0.71,0.968,-0.79,-5.178,0.65,-2.08,0.01,0.69,6.27
25,36,0.177708,120,0.487682,178.72,0.43,4,0.74,-1.898,-3.271,-17.789,0.59,-2.07,0.01,0.74,6.14
26,36,0.177707,120,0.487682,178.81,0.13,4,0.7,-2.081,-5.644,9.262,0.59,-2.16,0.01,0.69,6.07
27,36,0.177706,120,0.487682,178.88,0.11,4,0.78,-3.226,8.287,-16.538,0.67,-2.19,0.01,0.75,6.05
28,36,0.177705,120,0.487682,178.93,0.2,4,0.76,-0.435,-3.156,7.128,0.76,-2.38,0.01,0.77,6.11
29,36,0.177704,120,0.487682,179.02,0.17,4,0.72,3.778,3.474,-17.148,0.91,-2.64,0.01,0.75,6.02
30,36,0.177703,120,0.487682,179.08,0.32,4,0.71,-3.034,1.918,11.61,0.83,-3.08,0.01,0.68,5.97
31,36,0.177702,120,0.487682,179.22,0.17,4,0.71,2.527,-2.008,-15.726,0.77,-2.97,0,0.73,5.93
32,36,0.177701,120,0.487682,179.14,-0.05,4,0.77,-1.051,4.817,-13.57,0.66,-3.23,0.01,0.77,5.78
33,36,0.1777,120,0.487682,179.24,0.21,4,0.75,2.744,-7.301,3.318,0.84,-2.99,0,0.82,5.73
34,36,0.1777,120,0.487682,179.31,0.1,4,0.76,-0.95,5.195,-16.909,1.04,-2.7,0,0.75,5.75
35,36,0.177699,120,0.487682,179.28,-0.24,4,0.77,0.898,1.015,-17.361,1.11,-3.59,0,0.84,5.66
36,36,0.177698,120,0.487682,179.21,-0.01,4,0.75,1.46,1.139,-17.361,1.22,-4.29,0.01,0.75,5.4
37,36,0.177697,120,0.487682,179.24,0.17,4,0.72,-1.963,4.085,-17.028,1.17,-4.78,0,0.7,5
38,36,0.177696,120,0.487682,179.26,0.19,4,0.72,0.954,-1.795,-17.584,0.97,-5.05,0,0.64,4.81
39,36,0.177695,120,0.487682,179.16,-0.35,4,0.75,-5.32,4.882,-16.917,0.87,-5.22,0,0.7,4.95
40,36,0.177694,120,0.487682,179.05,-0.18,4,0.75,-6.969,2.844,-17.08,0.73,-5.11,0.01,0.66,5.22
41,36,0.177693,120,0.487682,178.95,-0.07,4,0.74,0.141,-1.132,-10.8,0.53,-4.22,0.01,0.76,5.27
42,36,0.177692,120,0.487682,178.83,-0.34,4,0.76,3.265,-5.274,0.054,0.52,-4.08,0.01,0.75,5.23
43,36,0.177691,120,0.487682,178.73,-0.07,4,0.8,-5.269,-2.701,-17.625,0.52,-3.7,0.01,0.79,5.18
44,36,0.17769,120,0.487683,178.62,-0.07,4,0.76,-1.28,-0.04,-12.965,0.59,-3.92,0.01,0.82,4.94
45,36,0.177689,120,0.487683,178.69,-0.02,4,0.77,1.828,0.918,4.789,0.6,-3.53,0.01,0.88,4.79
46,36,0.177688,120,0.487683,178.55,-0.18,4,0.77,-1.396,1.78,-17.252,0.69,-2.92,0.01,0.79,4.78
47,36,0.177687,120,0.487683,178.49,-0.18,4,0.8,4.52,-0.012,0.387,0.78,-3.21,0.01,0.8,4.71
48,36,0.177686,120,0.487683,178.45,0.01,4,0.81,1.639,-0.35,-6.032,0.59,-2.6,0.02,0.75,4.53
49,36,0.177685,120,0.487683,178.52,0.03,4,0.8,5.064,2.022,10.655,0.4,-3.1,0.02,0.77,4.4
50,36,0.177684,120,0.487683,178.54,-0.16,4,0.77,-5.282,1.541,-17.251,0.43,-3.11,0.01,0.73,4.33
51,36,0.177683,120,0.487683,178.48,-0.13,4,0.78,-1.541,3.917,-3.814,0.38,-3.05,0.01,0.77,4.22
52,36,0.177683,120,0.487683,178.51,-0.17,4,0.82,-7.156,0.512,-17.319,0.34,-2.98,0.02,0.78,3.96
53,36,0.177682,120,0.487683,178.48,-0.15,4,0.85,-2.127,2.132,-6.326,0.12,-2.96,0.02,0.83,4.02
54,36,0.177681,120,0.487683,178.59,0.05,4,0.85,1.592,-0.685,-17,0.13,-2.88,0.02,0.86,4.12
55,36,0.17768,120,0.487683,178.67,-0.06,4,0.83,-3.852,1.332,-17.295,0.14,-3.21,0.01,0.8,4.19
56,36,0.177679,120,0.487683,178.79,0.15,4,0.89,5.246,2.55,-17.227,0.06,-2.83,0.01,1,3.93
57,36,0.177678,120,0.487683,178.92,0.46,4,0.87,1.858,-7.408,-4.925,0.09,-2.49,0.01,0.87,3.89
58,36,0.177677,120,0.487683,178.94,0.14,4,0.81,-7.333,4.929,-4.232,-0.03,-2.44,0.01,0.71,3.76
59,36,0.177676,120,0.487683,178.91,-0.44,4,0.58,-1.677,-3.054,9.092,-0.19,-1.79,0.01,0.56,3.33
60,36,0.177675,120,0.487683,178.88,0.19,4,0.38,12.279,-11.953,-17.953,-0.09,-2.51,0,0.44,2.84
61,36,0.177674,120,0.487683,179.01,0.45,4,0.74,-2.953,9.79,10.985,-0.02,-2.11,0.01,0.61,2.46
62,36,0.177673,120,0.487683,178.92,0.2,4,0.93,-7.365,9.757,-17.035,-0.3,-2.23,0.01,0.59,2.18
63,36,0.177672,120,0.487683,178.79,-0.44,4,0.82,-1.794,-4.783,-7.619,-0.4,-2.41,0.01,0.72,2.07
64,36,0.177671,120,0.487683,178.75,-0.05,4,0.69,-0.045,1.423,-17.316,-0.55,-2.19,0.01,0.68,2.15
65,36,0.17767,120,0.487683,178.82,-0.07,4,0.66,4.733,0.084,-17.321,-0.53,-2.04,0.01,0.69,2.01
66,36,0.17767,120,0.487683,178.66,-0.37,4,0.64,1.786,-3.528,-0.672,-0.61,-2.84,0.01,0.61,1.95
67,36,0.177669,120,0.487683,178.47,-0.08,4,0.77,2.648,4.196,-7.689,-0.72,-2.91,0.01,0.66,2.11
68,36,0.177668,120,0.487683,178.37,0.19,4,0.9,-6.91,1.597,-17.418,-0.91,-3.05,0.02,0.85,2.27
69,36,0.177667,120,0.487683,178.34,0.16,4,0.91,-0.495,-2.374,12.627,-0.84,-3.17,0.02,0.88,2.43
70,36,0.177666,120,0.487683,178.41,0.34,4,0.81,8.023,0.469,-15.666,-0.84,-2.83,0.02,0.96,2.63
71,36,0.177665,120,0.487683,178.54,-0.05,4,0.8,1.292,-4.775,-17.595,-0.9,-2.93,0.02,0.91,2.82
72,36,0.177664,120,0.487683,178.63,0.19,4,0.78,3.023,-3.357,-17.527,-0.66,-2.75,0.01,0.87,3.06
73,36,0.177663,120,0.487683,178.76,0.16,4,0.89,6.248,-1.22,-15.7,-0.57,-2.8,0.01,0.92,3.32
74,36,0.177662,120,0.487683,178.82,0.12,4,0.96,-6.945,2.327,0.477,-0.71,-2.92,0.01,0.88,3.54
75,36,0.177661,120,0.487683,178.81,0.02,4,0.9,-2.691,-0.758,9.343,-0.78,-2.82,0.01,0.9,3.66
76,36,0.17766,120,0.487683,178.99,0.07,4,0.89,3.869,1.128,-12.459,-0.85,-2.7,0.01,0.9,3.68
77,36,0.177659,120,0.487683,179.07,0.24,4,0.87,-7.582,-2.413,7.841,-0.84,-2.56,0.01,0.78,3.77
78,36,0.177658,120,0.487683,179.27,0.02,4,0.81,5.577,-1.162,-17.394,-0.87,-2.5,0.01,0.74,3.86
79,36,0.177657,120,0.487683,179.3,-0.13,4,0.71,5.219,2.583,-17.124,-1.03,-2.52,0,0.75,4.12
80,36,0.177656,120,0.487683,179.35,0.41,4,0.7,2.923,-1.635,-17.49,-0.93,-2.7,0,0.69,4.44
81,36,0.177655,120,0.487683,179.57,0.19,4,0.69,4.026,-5.42,3.239,-0.82,-2.9,0,0.74,4.7
82,36,0.177654,120,0.487683,179.64,0.09,4,0.69,3.652,-3.464,-17.68,-0.61,-3.26,0,0.71,4.91
83,36,0.177653,120,0.487683,179.59,0.21,4,0.75,-1.907,-0.674,-17.505,-0.56,-3.74,0,0.78,5.12
84,36,0.177652,120,0.487683,179.61,0.3,4,0.8,-1.737,2.189,-17.241,-0.46,-3.82,0,0.75,5.41
85,36,0.177652,120,0.487683,179.67,0.25,4,0.74,-0.899,1.277,-17.317,-0.28,-4.19,0,0.96,5.43
86,36,0.177651,120,0.487683,179.52,0.1,4,0.77,3.927,-3.582,-17.761,-0.16,-3.58,0,0.74,5.39
87,36,0.17765,120,0.487683,179.57,0.41,4,0.78,-5.273,0.211,6.661,-0.39,-3.08,0,0.72,5.33
88,36,0.177649,120,0.487683,179.44,0.15,4,0.75,6.057,-4.307,-7.611,-0.58,-3.06,0,0.79,5.21
89,36,0.177648,120,0.487683,179.32,0.18,4,0.77,-3.199,-4.211,14.561,-0.58,-2.93,0,0.79,5.01
90,36,0.177647,120,0.487684,179.12,0.3,4,0.78,6.42,3.064,-17.114,-0.4,-3.57,0,0.89,4.84
91,36,0.177646,120,0.487684,178.97,0.17,4,0.83,3.988,1.32,-17.283,-0.33,-4.2,0.01,0.72,4.58
92,36,0.177645,120,0.487684,178.9,-0.02,4,0.77,1.935,2.53,-17.199,-0.43,-4.14,0.01,0.86,4.38
93,36,0.177644,120,0.487684,179,0.16,4,0.76,2.474,0.723,-17.334,-0.35,-3.64,0.01,0.75,4.23
94,36,0.177643,120,0.487684,179.07,0.07,4,0.74,0.109,-2.11,-17.544,-0.31,-4,0.01,0.75,3.98
95,36,0.177642,120,0.487684,179.22,0.12,4,0.76,-4.252,4.681,-1.785,-0.49,-3.74,0.01,0.72,3.93
96,36,0.177641,120,0.487684,179.28,0.12,4,0.78,0.033,-3.072,13.764,-0.69,-3.41,0,0.8,3.72
97,36,0.17764,120,0.487684,179.5,0.16,4,0.77,5.091,-0.104,-17.341,-0.64,-3.03,0,0.64,3.59
98,36,0.17764,120,0.487683,179.79,0.09,4,0.77,1.312,2.039,-17.245,-0.76,-2.98,0,0.72,3.67
99,36,0.177639,120,0.487683,179.78,-0.05,4,0.77,4.754,-0.26,-17.331,-0.89,-3.36,0,0.84,3.4
100,36,0.177638,120,0.487683,179.88,0.16,4,0.77,-0.402,-0.98,8.245,-0.68,-3.46,0,0.8,3.59
101,36,0.177637,120,0.487683,179.95,0.32,4,0.77,-0.594,3.964,7.482,-0.64,-3.36,0,0.67,3.88
102,36,0.177636,120,0.487683,180,-0.07,4,0.78,-9.535,2.409,-17.329,-0.63,-3.43,-0.01,0.68,4.26
103,36,0.177635,120,0.487683,179.91,0.12,4,0.76,-2.27,0.024,-17.441,-0.73,-3.34,0,0.78,4.61
104,36,0.177634,120,0.487683,179.93,0.24,4,0.76,-6.709,4.445,-17.124,-0.76,-3.34,0,0.84,4.99
105,36,0.177633,120,0.487683,179.98,0.24,4,0.8,-2.882,5.354,-5.642,-0.59,-2.96,0,0.83,5.2
106,36,0.177632,120,0.487683,180.11,0.12,4,0.83,-3.62,-3.264,-14.307,-0.38,-2.93,-0.01,0.88,5.35
107,36,0.177631,120,0.487683,180.18,0.05,4,0.78,2.068,1.09,-17.239,-0.18,-3.09,-0.01,0.92,5.37
108,36,0.17763,120,0.487683,180.13,0.56,4,0.77,0.011,2.932,-1.507,0.05,-2.95,-0.01,0.95,5.35
109,36,0.177629,120,0.487683,180.15,0.33,4,0.77,1.648,2.396,3.731,0.28,-3,-0.01,0.93,5.45
110,36,0.177628,120,0.487683,180.08,0.15,4,0.82,2.561,3.434,-8.54,0.49,-2.7,-0.01,0.83,5.49
111,36,0.177628,120,0.487683,180.1,0.77,4,0.84,5.635,-1.704,-11.652,0.58,-2.67,-0.01,0.85,5.41
112,36,0.177627,120,0.487683,180.17,0.42,4,0.77,-6.583,-1.77,8.478,0.73,-2.64,-0.01,0.76,5.18
113,36,0.177626,120,0.487684,180,-0.17,4,0.77,6.355,-1.751,-7.886,0.84,-2.73,-0.01,0.79,5.05
114,36,0.177625,120,0.487684,179.84,0.21,4,0.83,-6.5,2.32,1.709,0.83,-2.48,0,0.75,5.13
115,36,0.177624,120,0.487684,179.84,0.02,4,0.85,-4.936,0.359,-17.329,0.73,-2.47,0,0.85,5.01
116,36,0.177623,120,0.487684,179.79,0.18,4,0.84,5.578,-1.109,16.495,0.83,-2.53,0,0.85,4.78
117,36,0.177622,120,0.487684,179.9,0.3,4,0.83,-1.176,-1.645,-17.524,0.89,-2.55,0,0.83,4.52
118,36,0.177621,120,0.487684,179.82,-0.26,4,0.83,-1.892,0.736,-16.638,0.86,-2.61,0,0.81,4.36
119,36,0.17762,120,0.487684,179.81,-0.24,4,0.81,4.814,-0.879,-7.909,0.82,-2.89,0,0.82,4.08
120,36,0.177619,120,0.487684,179.81,0.33,4,0.83,-7.048,0.009,-17.305,0.74,-2.91,0,0.8,3.85
121,36,0.177618,120,0.487684,179.85,0.09,4,0.78,-3.217,1.69,-2.782,0.78,-2.78,0,0.77,3.91
122,36,0.177617,120,0.487684,179.81,0.04,4,0.77,4.303,-4.255,-2.429,0.59,-3.04,0,0.82,3.95
123,36,0.177616,120,0.487684,179.94,0.29,4,0.74,4.763,-0.851,-17.514,0.69,-3.11,0,0.78,3.98
124,36,0.177615,120,0.487684,180.14,0.48,4,0.7,8.153,4.381,-17.174,0.67,-3.08,-0.01,0.73,4.28
125,36,0.177614,120,0.487684,180.28,-0.02,4,0.66,3.254,-0.919,-17.519,0.66,-3.66,-0.01,0.65,4.44
126,36,0.177613,120,0.487684,180.2,-0.01,4,0.75,-1.505,-0.211,-17.412,0.7,-3.13,-0.01,0.74,4.6
127,36,0.177612,120,0.487684,180.19,0.44,4,0.83,3.541,-0.438,-6.354,0.71,-3.06,-0.01,0.85,4.41
128,36,0.177612,120,0.487684,180.35,0.18,4,0.81,1.676,-2.391,2.808,0.52,-2.8,-0.01,0.88,4.43
129,36,0.177611,120,0.487683,180.52,0.18,4,0.83,-1.947,-3.048,9.741,0.32,-2.81,-0.01,0.81,4.26
130,36,0.17761,120,0.487683,180.67,0.17,4,0.82,2.48,0.1,-17.416,0.47,-3.19,-0.01,0.84,4.2
131,36,0.177609,120,0.487683,180.48,-0.41,4,0.84,-4.286,0.881,-12.871,0.42,-3.01,-0.02,0.81,4.16
132,36,0.177608,120,0.487683,180.44,0.53,4,0.94,3.456,0.59,-10.386,0.22,-3.08,-0.01,0.9,3.89
133,36,0.177607,120,0.487683,180.53,0.17,4,0.88,6.957,-2.638,-5.719,0.02,-2.84,-0.01,0.87,3.65
134,36,0.177606,120,0.487683,180.52,-0.21,4,0.87,-2.536,2.147,-7.051,-0.06,-2.93,-0.01,0.88,3.66
135,36,0.177605,120,0.487683,180.37,0.33,4,0.83,-0.804,-0.853,-17.456,-0.07,-2.9,-0.01,0.81,3.92
136,36,0.177604,120,0.487683,180.42,0.59,4,0.89,0.899,1.082,-17.32,-0.19,-2.83,-0.01,0.86,4.17
137,36,0.177603,120,0.487683,180.36,-0.15,4,0.9,1.934,-0.185,-13.376,-0.18,-2.23,-0.01,0.92,4.46
138,36,0.177602,120,0.487683,180.26,-0.16,4,0.87,-0.693,1.362,0.209,-0.05,-2.08,-0.01,0.82,4.79
139,36,0.177601,120,0.487684,180.26,0.61,4,0.83,3.465,0.812,-17.344,-0.11,-2.3,-0.01,0.86,4.95
140,36,0.1776,120,0.487683,180.3,0.28,4,0.85,2.947,1.997,-17.243,-0.14,-2.77,-0.01,0.88,4.73
141,36,0.177599,120,0.487684,180.29,-0.03,4,0.89,2.722,0.037,-12.617,-0.19,-2.76,-0.01,0.89,4.64
142,36,0.177598,120,0.487684,180.16,0.05,4,0.85,-10.539,3.595,-17.204,-0.39,-2.88,-0.01,0.79,4.33
143,36,0.177597,120,0.487684,180.13,0.4,4,0.85,-10.461,2.453,-16.486,-0.5,-2.68,-0.01,0.91,4.01
144,36,0.177596,120,0.487684,180.25,-0.11,4,0.85,2.101,1.872,-6.196,-0.47,-2.75,-0.01,0.91,3.63
145,36,0.177595,120,0.487683,180.3,0.13,4,0.83,-1.905,-0.425,5.462,-0.43,-2.72,-0.01,0.84,3.32
146,36,0.177594,120,0.487683,180.4,0.3,4,0.88,-2.983,-0.576,-17.428,-0.37,-2.83,-0.01,0.83,2.96
147,36,0.177593,120,0.487683,180.38,0.19,4,0.85,-9.584,2.007,-4.441,-0.53,-2.49,-0.01,0.73,2.56
148,36,0.177592,120,0.487683,180.37,-0.16,4,0.84,10.139,-2.055,-9.869,-0.66,-2.19,-0.01,0.93,2.23
149,36,0.177591,120,0.487683,180.47,0.11,4,0.84,-2.28,-0.36,6.428,-0.5,-2.05,-0.01,0.87,2.29
150,36,0.17759,120,0.487683,180.55,0.14,4,0.83,-3.546,-0.98,-12.924,-0.43,-2.21,-0.01,0.83,2.42
151,36,0.177589,120,0.487683,180.7,0.39,4,0.84,-6.309,2.225,-13.174,-0.43,-2.48,-0.02,0.81,2.6
152,36,0.177588,120,0.487683,180.9,0.35,4,0.85,4.533,-2.465,2.414,-0.49,-2.56,-0.01,0.86,2.62
153,36,0.177587,120,0.487683,181,0.36,4,0.83,-4.242,3.094,6.364,-0.61,-2.17,-0.02,0.85,2.59
154,36,0.177586,120,0.487683,180.95,0.28,4,0.83,4.244,-2.055,-10.612,-0.63,-2.08,-0.02,0.89,2.82
155,36,0.177585,120,0.487683,180.97,0.45,4,0.83,-3.542,-1.697,7.351,-0.49,-2.13,-0.02,0.81,3.08
156,36,0.177584,120,0.487683,180.91,0.06,4,0.83,5.171,0.291,-17.335,-0.38,-2.35,-0.02,0.87,3.32
157,36,0.177584,120,0.487683,180.84,0.28,4,0.88,-7.399,-0.104,-17.456,-0.5,-2.64,-0.02,0.76,3.36
158,36,0.177583,120,0.487683,180.82,0.44,4,0.88,1.741,0.823,-2.11,-0.68,-2.48,-0.02,0.85,3.3
159,36,0.177582,120,0.487683,180.76,0.38,4,0.88,0.268,2.207,-17.256,-0.76,-2.23,-0.02,0.88,3.26
160,36,0.177581,120,0.487683,180.77,0.42,4,0.87,-3.457,0.272,4.895,-0.72,-2.2,-0.02,0.82,3.2
161,36,0.17758,120,0.487683,180.76,0.12,4,0.87,3.11,-0.614,-17.375,-0.75,-2.42,-0.02,0.86,3.08
162,36,0.177579,120,0.487683,180.79,0.24,4,0.87,-7.241,0.739,-17.457,-0.91,-2.4,-0.02,0.83,2.96
163,36,0.177578,120,0.487683,180.74,-0.08,4,0.83,4.89,-3.324,13.834,-1,-1.83,-0.02,0.9,3.08
164,36,0.177577,120,0.487683,180.69,0.11,4,0.84,3.512,-1.639,6.021,-0.96,-1.59,-0.02,0.9,3.22
165,36,0.177576,120,0.487683,180.7,0.01,4,0.89,-6.329,-0.834,-17.531,-0.88,-1.99,-0.02,0.95,3.31
166,36,0.177575,120,0.487683,180.76,-0.13,4,0.83,0.76,2.041,-17.259,-0.67,-2.15,-0.01,0.91,3.28
167,36,0.177574,120,0.487683,180.68,-0.31,4,0.83,3.206,-0.907,0.37,-0.43,-2.47,-0.02,0.86,3.21
168,36,0.177573,120,0.487683,180.7,0.31,4,0.84,0.213,1.141,6.643,-0.19,-2.55,-0.02,0.87,3.25
169,36,0.177572,120,0.487683,180.82,0.51,4,0.89,2.312,0.538,-10.779,-0.02,-2.58,-0.02,0.89,3.19
170,36,0.177571,120,0.487683,180.89,-0.04,4,0.81,3.92,-0.066,-7.009,0.09,-2.54,-0.02,0.87,3.17
171,36,0.17757,120,0.487683,180.78,0.07,4,0.87,-3.18,-0.568,15.062,0.16,-2.47,-0.02,0.89,3.04
172,36,0.177569,120,0.487683,180.68,0.28,4,0.83,-9.837,2.086,-17.21,0.36,-2.41,-0.01,0.76,2.88
173,36,0.177568,120,0.487683,180.7,-0.19,4,0.84,6.227,-2.502,12.874,0.35,-1.93,-0.02,0.89,2.77
174,36,0.177567,120,0.487683,180.75,-0.39,4,0.85,0.474,-0.559,-15.658,0.28,-1.91,-0.01,0.92,2.75
175,36,0.177567,120,0.487683,180.84,0.07,4,0.85,-0.407,0.611,-15.965,0.44,-2.17,-0.01,0.85,2.68
176,36,0.177565,120,0.487683,180.92,-0.03,4,0.85,-11.565,-0.247,-17.303,0.43,-2.61,-0.02,0.76,2.9
177,36,0.177564,120,0.487683,180.9,-0.25,4,0.83,5.881,-2.024,11.956,0.24,-2.05,-0.02,0.9,3.21
178,36,0.177564,120,0.487683,180.93,0.13,4,0.78,-0.741,-0.667,-17.426,0.18,-1.92,-0.02,0.83,3.47
179,36,0.177563,120,0.487683,180.95,0.25,4,0.89,1.282,-0.527,-8.515,0.1,-1.62,-0.02,0.82,3.76
180,36,0.177561,120,0.487683,180.78,-0.71,4,0.9,-8.477,1.671,-17.304,-0.16,-2.06,-0.02,0.83,3.93
181,36,0.177561,120,0.487683,180.56,-0.08,4,0.82,5.099,-1.412,3.28,-0.3,-2.07,-0.02,0.83,3.91
182,36,0.17756,120,0.487683,180.54,0.1,4,0.82,1.723,2.571,-16.158,-0.49,-1.98,-0.01,0.92,3.88
183,36,0.177559,120,0.487683,180.57,-0.22,4,0.83,7.7,-1.196,-9.87,-0.53,-1.98,-0.01,0.85,3.84
184,36,0.177558,120,0.487683,180.5,-0.1,4,0.87,-7.271,0.552,-17.423,-0.51,-1.95,-0.01,0.81,3.89
185,36,0.177557,120,0.487683,180.42,-0.04,4,0.88,4.941,-4.264,5.37,-0.65,-2.1,-0.01,0.79,3.88
186,36,0.177556,120,0.487683,180.29,-0.57,4,0.87,0.526,0.028,-13.809,-0.8,-2.46,-0.01,0.85,3.82
187,36,0.177555,120,0.487683,180.29,0.17,4,0.85,7.819,-3.12,-14.376,-1.04,-2.28,-0.01,0.85,3.79
188,36,0.177554,120,0.487683,180.28,0.18,4,0.88,1.185,-0.633,-17.41,-1.19,-2.24,-0.01,0.88,3.63
189,36,0.177553,120,0.487683,180.21,-0.5,4,0.87,2.848,0.148,-14.563,-1.22,-2.54,-0.01,0.9,3.5
190,36,0.177552,120,0.487683,180.07,-0.29,4,0.88,-2.523,0.613,2.8,-1.06,-2.3,-0.01,0.88,3.7
191,36,0.177551,120,0.487683,180.11,0.08,4,0.89,-2.962,1.915,7.176,-1.17,-2.2,-0.01,0.85,3.78
192,36,0.17755,120,0.487683,180.21,-0.11,4,0.89,2.886,-2.012,-17.479,-1.15,-2.5,-0.01,0.95,3.9
193,36,0.177549,120,0.487683,180.3,-0.09,4,0.89,-2.658,2.221,1.842,-1.01,-2.31,-0.01,0.97,3.99
194,36,0.177548,120,0.487683,180.28,-0.18,4,0.9,3.858,-2.338,-4.249,-0.94,-2.29,-0.01,0.86,4.18
195,36,0.177547,120,0.487683,180.22,-0.34,4,0.89,3.783,-1.699,-6.492,-0.92,-2.38,-0.01,0.86,4.25
196,36,0.177546,120,0.487683,180.15,-0.66,4,0.9,-4.241,1.586,-5.798,-0.86,-2.21,-0.01,0.88,4.21
197,36,0.177545,120,0.487683,180.03,-0.17,4,0.91,-0.988,2.251,7.986,-0.93,-2.15,-0.01,0.97,4.14
198,36,0.177544,120,0.487683,180.04,0,4,0.89,-12.186,4.557,-17.287,-1.02,-2.54,0,0.83,4.17
199,36,0.177543,120,0.487683,180.11,-0.37,4,0.89,5.071,-0.068,-12.678,-1.07,-2.29,-0.01,0.98,4.07
200,36,0.177542,120,0.487683,180.12,0.16,4,0.89,3.257,-3.875,-0.128,-1.3,-2.29,-0.01,0.83,4.1
201,36,0.177541,120,0.487683,180.15,-0.12,4,0.88,-9.959,2.926,-17.45,-1.48,-2.46,-0.01,0.82,4.11
202,36,0.17754,120,0.487683,180.09,-0.09,4,0.89,5.257,-2.835,-3.202,-1.6,-2.55,-0.01,0.9,4.06
203,36,0.177539,120,0.487683,180.07,0.12,4,0.84,-4.123,-2.619,-0.787,-1.71,-2.33,-0.01,0.81,4
204,36,0.177538,120,0.487683,179.95,-0.26,4,0.88,0.455,1.192,-11.773,-1.8,-2.53,-0.01,0.87,4.09
205,36,0.177537,120,0.487683,179.84,-0.18,4,0.87,-0.835,4.852,-14.828,-1.78,-2.42,0,0.87,4.22
206,36,0.177536,120,0.487683,179.77,-0.38,4,0.89,-2.714,1.867,5.711,-1.94,-2.22,0,0.91,4.29
207,36,0.177535,120,0.487683,179.76,-0.12,4,0.88,2.905,-3.018,-7.009,-1.93,-2.38,0,0.88,4.43
208,36,0.177535,120,0.487683,179.81,0.12,4,0.84,-8.127,3.684,-13.563,-1.92,-2.5,0,0.82,4.65
209,36,0.177534,120,0.487683,179.78,-0.3,4,0.82,2.988,1.536,-6.686,-1.74,-2.37,0,0.87,4.85
210,36,0.177533,120,0.487683,179.68,-0.51,4,0.85,-3.189,-2.202,-12.116,-1.8,-2.66,0,0.86,4.87
211,36,0.177532,120,0.487683,179.59,0.02,4,0.89,1.263,1.213,-8.997,-1.88,-2.44,0,0.87,4.95
212,36,0.177531,120,0.487683,179.69,0.28,4,0.88,3.906,-2.644,-6.967,-1.92,-2.75,0,0.86,4.94
213,36,0.17753,120,0.487683,179.76,-0.33,4,0.83,-4.234,2.397,-11.956,-1.82,-2.73,0,0.88,4.98
214,36,0.177529,120,0.487683,179.79,-0.59,4,0.84,-2.046,0.786,4.345,-1.74,-2.75,0,0.87,4.82
215,36,0.177528,120,0.487683,179.65,-0.22,4,0.89,3.292,-0.552,-17.369,-1.78,-2.87,0,0.87,4.77
216,36,0.177527,120,0.487683,179.63,-0.11,4,0.88,4.272,-4.359,-5.716,-1.77,-2.86,0,0.79,4.82
217,36,0.177526,120,0.487683,179.62,-0.41,4,0.89,0.578,5.067,-16.97,-1.78,-2.76,0,0.92,4.97
218,36,0.177525,120,0.487683,179.59,-0.35,4,0.88,7.046,-1.343,-16.275,-1.73,-2.92,0,0.91,5.01
219,36,0.177524,120,0.487683,179.58,-0.09,4,0.89,-0.585,5.095,-4.598,-1.65,-2.9,0,0.91,5.14
220,36,0.177523,120,0.487683,179.5,-0.2,4,0.87,-1.939,-3.468,-3.738,-1.67,-2.9,0,0.85,5.18
221,36,0.177522,120,0.487683,179.51,-0.03,4,0.84,2.351,0.651,-9.018,-1.62,-2.77,0,0.79,5.21
222,36,0.177521,120,0.487683,179.51,-0.21,4,0.88,3.127,-0.28,-8.896,-1.73,-2.95,0,0.95,5.31
223,36,0.17752,120,0.487683,179.44,-0.36,4,0.87,5.38,-0.841,-11.453,-1.59,-2.69,0,0.86,5.56
224,36,0.177519,120,0.487683,179.33,-0.29,4,0.89,3.323,-2.868,0.664,-1.62,-2.66,0,0.83,5.68
225,36,0.177518,120,0.487683,179.26,-0.07,4,0.88,0.677,2.698,-17.16,-1.75,-2.81,0.01,0.94,5.67
226,36,0.177517,120,0.487683,179.15,-0.56,4,0.83,1.989,2.461,-10.33,-1.7,-2.68,0.01,0.87,5.66
227,36,0.177516,120,0.487683,179.07,-0.07,4,0.91,4.764,0.977,-15.248,-1.7,-3,0.01,0.93,5.5
228,36,0.177516,120,0.487684,178.96,-0.28,4,0.91,0.663,-1.678,-7.831,-1.79,-2.87,0.01,0.88,5.19
229,36,0.177515,120,0.487684,178.9,-0.75,4,0.89,-0.264,-0.146,-6.286,-1.83,-2.77,0.01,0.91,5.03
230,36,0.177514,120,0.487684,178.72,-0.73,4,0.88,6.379,-1.831,-0.802,-1.89,-2.98,0.01,0.89,4.8
231,36,0.177513,120,0.487684,178.57,-1.22,4,0.84,7.277,-2.993,-1.181,-1.87,-2.73,0.02,0.92,4.76
232,36,0.177512,120,0.487684,178.39,-1.87,4,0.85,3.636,-0.993,0.593,-1.73,-2.77,0.02,0.92,4.79
233,36,0.177511,120,0.487684,177.85,-2.12,4,0.85,-8.68,0.16,-15.593,-1.65,-2.84,0.02,0.91,4.79
234,36,0.17751,120,0.487684,177.35,-2.33,4,0.87,3.952,2.83,-12.169,-1.8,-2.76,0.02,0.89,4.87
235,36,0.177509,120,0.487684,176.81,-2.21,4,0.84,8.515,-2.655,-5.365,-1.9,-2.64,0.02,0.91,5.07
236,36,0.177508,120,0.487684,176.33,-2.53,4,0.89,-2.663,-1.465,-0.008,-1.9,-2.68,0.02,0.9,5.15
237,36,0.177507,120,0.487685,175.59,-3.13,4,0.84,-7.006,-0.209,-8.728,-1.71,-2.7,0.01,0.78,5.36
238,36,0.177506,120,0.487685,174.81,-3.42,4,0.87,2.645,-0.355,-15.242,-1.77,-2.62,0.01,0.91,5.27
239,36,0.177505,120,0.487685,174.15,-3.52,4,0.82,4.541,1.369,-4.564,-1.83,-2.69,0.01,0.93,5.16
240,36,0.177504,120,0.487685,173.13,-4.04,4,0.84,2.431,-1.275,-4.53,-1.75,-2.79,0,0.83,4.79
241,36,0.177503,120,0.487685,172.24,-3.95,4,0.84,-1.005,-0.334,-12.102,-1.86,-2.72,-0.01,0.89,4.73
242,36,0.177502,120,0.487686,171.29,-4.76,4,0.84,3.159,-2.003,-17.491,-1.88,-2.93,-0.01,0.89,4.81
243,36,0.177501,120,0.487686,170.1,-4.71,4,0.85,1.703,0.183,-9.47,-1.72,-2.89,-0.02,0.85,4.87
244,36,0.1775,120,0.487687,169.06,-4.81,4,0.87,3.642,-2.208,-2.447,-1.77,-2.56,-0.02,0.87,4.73
245,36,0.177499,120,0.487687,168.07,-5.39,4,0.82,1.121,1.297,-15.986,-1.82,-2.68,-0.03,0.86,4.65
246,36,0.177498,120,0.487687,166.9,-5.18,4,0.84,-3.348,-0.878,-5.378,-1.76,-2.61,-0.03,0.9,4.63
247,36,0.177497,120,0.487688,165.61,-5.36,4,0.83,2.164,-1.111,-16.87,-1.55,-2.54,-0.03,0.9,4.66
248,36,0.177496,120,0.487688,164.24,-6.08,4,0.87,2.965,4.341,-10.929,-1.44,-2.21,-0.04,0.91,4.73
249,36,0.177496,120,0.487689,162.93,-6.34,4,0.85,-7.083,2.952,-16.18,-1.45,-2.47,-0.04,0.85,4.68
250,36,0.177495,120,0.48769,161.62,-6.42,4,0.89,3.381,-1.024,-0.188,-1.24,-2.39,-0.05,1,4.46
251,36,0.177494,120,0.48769,160.07,-6.55,4,0.89,0.52,2.108,-17.241,-1.01,-2.54,-0.06,0.95,4.23
252,36,0.177493,120,0.487691,158.77,-6.75,4,0.89,0.658,-1.537,-5.436,-0.88,-2.25,-0.06,0.89,4.13
253,36,0.177492,120,0.487691,157.46,-6.83,4,0.88,-4.878,0.776,-13.889,-0.76,-2.47,-0.07,0.86,4.17
254,36,0.177491,120,0.487692,155.82,-7.07,4,0.87,-2.116,2.024,-17.273,-0.51,-2.74,-0.06,0.85,4.19
255,36,0.17749,120,0.487693,154.46,-7.35,4,0.87,-1.167,-2.021,-4.887,-0.42,-2.21,-0.07,0.86,4.2
256,36,0.17749,120,0.487693,153.11,-7.34,4,0.87,0.665,-0.179,-3.53,-0.37,-2.68,-0.07,0.84,4.24
257,36,0.177489,120,0.487694,151.8,-7.6,4,0.88,1.208,1.173,-17.31,-0.32,-2.66,-0.08,0.86,4.16
258,36,0.177488,120,0.487695,150.37,-7.49,4,0.87,-3.649,-2.866,0.876,-0.27,-2.59,-0.08,0.88,4.08
259,36,0.177487,120,0.487696,149.22,-7.33,4,0.83,-5.088,2.956,-7.789,-0.25,-2.81,-0.08,0.89,4.09
260,36,0.177487,120,0.487696,148.04,-7.31,4,0.87,6.852,-2.925,-2.784,-0.2,-2.6,-0.09,0.89,4.16
261,36,0.177486,120,0.487697,146.96,-7.42,4,0.93,1.168,0.144,-17.391,-0.07,-2.68,-0.09,0.96,4.24
262,36,0.177485,120,0.487698,145.77,-7.5,4,0.9,-4.023,3.09,-4.82,0.09,-2.45,-0.09,0.91,4.21
263,36,0.177484,120,0.487698,144.35,-7.3,4,0.89,-6.712,3.597,-17.12,0.12,-2.28,-0.09,0.84,4.2
264,36,0.177484,120,0.487699,143.16,-7.09,4,0.89,4.445,-1.371,0.27,0.23,-2.38,-0.09,0.91,3.94
265,36,0.177483,120,0.4877,142.05,-6.91,4,0.88,-5.349,-0.983,-7.653,0.26,-2.46,-0.09,0.85,3.79
266,36,0.177482,120,0.487701,141.02,-7.44,4,0.87,0.958,0.638,-17.358,0.37,-2.58,-0.08,0.86,3.78
267,36,0.177481,120,0.487702,140.04,-7.35,4,0.89,5.301,-0.536,-3.283,0.21,-2.59,-0.08,0.89,3.63
268,36,0.177481,120,0.487702,139.16,-7.12,4,0.89,-0.874,-0.817,-17.438,0.14,-2.46,-0.08,0.88,3.51
269,36,0.17748,120,0.487703,138.09,-7.1,4,0.87,3.417,-1.173,-10.901,-0.01,-2.71,-0.08,0.89,3.56
270,36,0.177479,120,0.487704,137.02,-7.25,4,0.89,1.01,-2.632,-4.047,-0.03,-2.84,-0.08,0.9,3.58
271,36,0.177479,120,0.487705,135.96,-6.86,4,0.89,3.529,-1.463,-13.508,0.01,-2.77,-0.08,0.91,3.8
272,36,0.177478,120,0.487706,135.09,-6.95,4,0.9,4.807,-1.989,-10.386,-0.02,-2.93,-0.08,0.8,4.04
273,36,0.177477,120,0.487707,134.09,-7.04,4,0.87,-5.577,4.368,-11.356,-0.12,-2.91,-0.08,0.89,4.4
274,36,0.177477,120,0.487708,133.05,-6.75,4,0.9,5.937,-1.577,-2.555,-0.16,-3.04,-0.08,0.87,4.65
275,36,0.177476,120,0.487709,132.16,-6.9,4,0.88,-9.679,0.424,-10.284,-0.21,-3,-0.07,0.86,4.84
276,36,0.177475,120,0.48771,131.11,-6.66,4,0.89,-4.063,0.196,-13.887,-0.29,-2.9,-0.07,0.86,4.75
277,36,0.177475,120,0.487711,130.02,-7.04,4,0.91,6.377,-4.437,-5.768,-0.22,-2.3,-0.07,0.93,5
278,36,0.177474,120,0.487712,129.02,-6.75,4,0.89,4.935,-1.558,-12.323,-0.01,-2.49,-0.07,1.01,5.34
279,36,0.177473,120,0.487713,128.04,-6.7,4,0.87,-0.445,1.918,3.554,0.2,-2.37,-0.07,0.9,5.57
280,36,0.177473,120,0.487714,126.94,-6.44,4,0.87,5.25,0.549,-17.407,0.23,-2.26,-0.07,0.85,5.6
281,36,0.177472,120,0.487715,125.97,-6.49,4,0.84,1.086,-2.457,-14.893,0.27,-2.44,-0.07,0.86,5.67
282,36,0.177472,120,0.487716,125.1,-6.33,4,0.87,0.897,-0.87,-10.199,0.24,-2.52,-0.07,0.87,5.78
283,36,0.177471,120,0.487717,124.49,-6.35,4,0.88,3.004,-1.079,-17.573,0.27,-2.43,-0.07,0.85,5.87
284,36,0.17747,120,0.487718,123.87,-5.98,4,0.88,-8.229,6.117,-12.855,0.27,-2.46,-0.07,0.87,5.85
285,36,0.17747,120,0.487719,123.03,-6.19,4,0.83,-2.442,1.228,4.286,0.38,-2.43,-0.06,0.84,5.9
286,36,0.177469,120,0.48772,122.15,-6.23,4,0.84,3.672,0.408,-17.426,0.29,-2.86,-0.06,0.9,5.92
287,36,0.177469,120,0.487721,121.42,-5.9,4,0.85,-0.908,-0.117,-17.458,0.35,-2.58,-0.05,0.85,5.98
288,36,0.177468,120,0.487722,120.7,-5.69,4,0.85,0.821,-1.707,-6.093,0.28,-2.59,-0.05,0.86,6.09
289,36,0.177468,120,0.487723,120.13,-5.77,4,0.84,1.512,-0.478,-15.403,0.19,-2.85,-0.05,0.85,6.12
290,36,0.177467,120,0.487724,119.43,-5.84,4,0.87,-2.272,1.328,1.071,0.22,-2.51,-0.04,0.85,6.27
291,36,0.177467,120,0.487725,118.85,-5.47,4,0.93,-0.823,1.342,-1.317,0.11,-2.53,-0.04,0.89,6.49
292,36,0.177466,120,0.487726,118.31,-5.56,4,0.87,2.155,-1.211,-12.801,0.04,-2.64,-0.04,0.83,6.53
293,36,0.177466,120,0.487727,117.75,-5.52,4,0.87,2.983,-2.959,0.205,0.15,-2.59,-0.03,0.89,6.32
294,36,0.177465,120,0.487728,117.15,-5.16,4,0.88,-8.537,4.999,-12.69,0.19,-2.52,-0.03,0.82,6.27
295,36,0.177465,120,0.48773,116.48,-5.26,4,0.87,2.669,-0.908,-6.181,0.13,-2.75,-0.03,0.8,6.35
296,36,0.177464,120,0.487731,115.91,-5.22,4,0.84,2.044,0.174,-6.99,0.15,-2.4,-0.03,0.92,6.38
297,36,0.177464,120,0.487732,115.5,-5.04,4,0.9,-1.48,2.584,-10.585,0.05,-2.54,-0.02,0.84,6.27
298,36,0.177463,120,0.487733,114.92,-5.39,4,0.94,6.206,0.788,-17.36,-0.09,-2.83,-0.01,0.97,6.02
299,36,0.177463,120,0.487734,114.42,-4.58,4,0.88,1.918,2.378,-7.955,-0.12,-2.87,-0.01,1,5.9
300,36,0.177462,120,0.487735,114.17,-4.1,4,0.84,1.33,-2.586,-10.622,-0.04,-2.63,-0.01,0.94,5.69
301,36,0.177462,120,0.487736,113.82,-4.68,4,0.87,-1.301,2.821,-14.954,0.07,-2.75,0,0.87,5.5
302,36,0.177461,120,0.487737,113.35,-4.88,4,0.87,0.661,-1.732,-5.338,0.1,-2.37,0,0.9,5.33
303,36,0.177461,120,0.487738,112.86,-4.32,4,0.88,0.69,0.036,-6.278,0.31,-2.72,0,0.86,5.07
304,36,0.177461,120,0.48774,112.37,-3.95,4,0.8,-0.607,-0.468,2.464,0.42,-2.57,0,0.93,4.64
305,36,0.17746,120,0.487741,111.94,-4.58,4,0.83,1.395,-1.594,-4.3,0.63,-2.71,0,0.87,4.3
306,36,0.17746,120,0.487742,111.53,-4.98,4,0.88,0.101,-0.405,-17.186,0.72,-2.35,0.01,0.87,4.11
307,36,0.177459,120,0.487743,111.44,-2.93,4,0.93,-3.566,1.368,11.639,0.66,-2.29,0.01,0.95,3.87
308,36,0.177459,120,0.487744,111.64,-2.29,4,0.89,-2.75,-2.209,-1.703,0.76,-2.57,0.02,0.87,3.75
309,36,0.177458,120,0.487745,111.67,-4.1,4,0.82,5.432,-2.721,-5.183,0.81,-2.22,0.02,0.82,3.8
310,36,0.177458,120,0.487746,111.14,-3.32,4,0.82,6.567,-0.569,-5.51,0.8,-2.44,0.02,0.84,3.88
311,36,0.177458,120,0.487748,110.78,-2.7,4,0.93,0.591,-0.957,-17.471,0.88,-1.89,0.02,0.77,3.86
312,36,0.177457,120,0.487748,110.88,-2.68,4,0.89,0.405,-1.98,-15.729,0.66,-1.86,0.02,0.87,3.91
313,36,0.177457,120,0.48775,111.08,-2.41,4,0.84,-3.312,3.245,-14.255,0.74,-2.35,0.02,0.88,4.03
314,36,0.177456,120,0.487751,111.08,-2.83,4,0.83,3.908,0.072,-9.102,0.8,-2.25,0.03,0.76,4.31
315,36,0.177456,120,0.487752,110.91,-2.94,4,0.88,2.135,0.401,-8.58,0.8,-2.41,0.03,0.98,4.32
316,36,0.177455,120,0.487753,110.84,-2.33,4,0.88,-10.849,4.384,-9.084,0.9,-2.67,0.03,0.87,4.45
317,36,0.177455,120,0.487754,110.82,-2.57,4,0.88,8.675,-2.818,-15.133,1.1,-2.47,0.03,0.96,4.56
318,36,0.177455,120,0.487755,110.88,-2.01,4,0.87,-7.687,2.109,-4.356,1.22,-2.55,0.04,0.88,4.65
319,36,0.177454,120,0.487756,110.81,-2.06,4,0.85,-6.297,4.475,-4.781,1.25,-2.7,0.04,0.75,4.51
320,36,0.177454,120,0.487757,110.61,-2.68,4,0.89,6.334,-1.482,-6.462,1.22,-2.62,0.04,0.91,4.33
321,36,0.177453,120,0.487758,110.69,-1.37,4,0.91,-3.83,0.875,0.957,1.11,-2.67,0.04,0.96,4.39
322,36,0.177453,120,0.487759,110.89,-1.36,4,0.91,6.202,-3.233,-4.545,1.2,-2.69,0.05,0.95,4.36
323,36,0.177452,120,0.487761,111.02,-2.19,4,0.94,7.836,-3.038,-17.8,1.17,-2.61,0.05,0.89,4.32
324,36,0.177452,120,0.487762,111.02,-1.01,4,0.9,-10.22,5.314,-5.829,1.07,-2.54,0.05,0.83,4.34
325,36,0.177452,120,0.487763,111.09,-1.12,4,0.88,1.75,-1.693,-17.563,0.84,-2.46,0.05,0.97,4.36
326,36,0.177451,120,0.487764,111.11,-1.04,4,0.93,-12.174,6.344,-6.79,0.86,-2.44,0.05,0.96,4.35
327,36,0.177451,120,0.487765,111.36,-1.62,4,0.87,4.64,-3.366,-8.078,0.97,-2.33,0.05,0.95,4.35
328,36,0.17745,120,0.487766,111.66,-0.79,4,0.85,-8.724,3.627,-8.727,1.08,-2.45,0.05,0.84,4.23
329,36,0.17745,120,0.487767,112.16,-0.49,4,0.88,-5.499,2.299,-15.48,0.94,-2.64,0.05,0.87,4.22
330,36,0.177449,120,0.487769,112.49,-0.94,4,0.9,3.542,-0.024,1.101,0.95,-2.59,0.05,0.93,4.21
331,36,0.177449,120,0.48777,112.44,-1.29,4,0.94,1.439,-3.055,-8.189,0.79,-2.8,0.06,0.95,4.37
332,36,0.177448,120,0.487771,112.59,-0.28,4,0.89,1.173,-2.87,-14.312,0.69,-2.61,0.05,0.95,4.58
333,36,0.177448,120,0.487772,112.93,-0.53,4,0.88,4.902,-4.487,-17.837,0.62,-2.46,0.06,0.9,4.69
334,36,0.177447,120,0.487773,113.31,-0.39,4,0.9,-8.61,3.404,-12.04,0.47,-2.43,0.06,0.96,4.54
335,36,0.177447,120,0.487774,113.6,0.39,4,0.91,10.241,-2.478,-4.786,0.38,-2.18,0.06,0.91,4.54
336,36,0.177446,120,0.487775,113.94,0.31,4,0.89,1.727,2.237,-17.25,0.61,-2.55,0.06,1.01,4.71
337,36,0.177446,120,0.487777,114.27,0.85,4,0.9,-12.683,6.544,-11.534,0.71,-2.68,0.06,0.8,4.79
338,36,0.177445,120,0.487777,114.76,1.09,4,0.89,4.699,-0.506,-17.515,0.6,-2.38,0.06,0.9,4.94
339,36,0.177445,120,0.487779,115.24,0.91,4,0.93,2.638,-2.985,-14.799,0.49,-2.23,0.06,0.86,5.01
340,36,0.177444,120,0.48778,115.55,1.14,4,0.94,-0.926,-1.126,2.004,0.48,-2.22,0.06,0.92,4.95
341,36,0.177444,120,0.487781,115.99,1.47,4,0.89,-5.252,3.191,-7.73,0.58,-2.14,0.06,0.83,4.9
342,36,0.177443,120,0.487782,116.52,1.4,4,0.95,5.333,-2.141,-17.646,0.58,-2.2,0.06,0.99,4.72
343,36,0.177443,120,0.487783,117.33,3.04,4,0.89,-12.072,4.168,-10.334,0.61,-2.55,0.06,0.77,4.72
344,36,0.177442,120,0.487784,118.06,3.06,4,0.94,-1.324,-3.364,6.879,0.57,-2.33,0.06,1.02,4.69
345,36,0.177442,120,0.487785,119.05,2.83,4,0.94,-10.411,5.952,-16.818,0.61,-2.4,0.06,0.97,4.64
346,36,0.177441,120,0.487786,119.77,3.57,4,0.9,-7.492,4.205,-7.983,0.62,-2.12,0.06,0.93,4.6
347,36,0.17744,120,0.487787,120.86,3.76,4,0.93,6.029,-2.475,-17.686,0.71,-2.46,0.07,0.99,4.57
348,36,0.17744,120,0.487788,121.81,3.62,4,0.95,2.935,0.323,-17.418,0.6,-2.53,0.07,1.04,4.6
349,36,0.177439,120,0.487789,122.75,4.08,4,0.91,-8.234,3.683,2.301,0.51,-2.5,0.07,0.91,4.68
350,36,0.177438,120,0.48779,123.84,4.14,4,0.96,0.659,-1.167,8.275,0.38,-2.21,0.07,1.09,4.73
351,36,0.177438,120,0.487791,124.74,4.45,4,0.94,1.968,-3.107,10.541,0.51,-2.03,0.07,0.9,4.69
352,36,0.177437,120,0.487792,125.74,4.97,4,0.95,-9.092,3.918,-12.951,0.46,-1.81,0.08,0.91,4.72
353,36,0.177436,120,0.487793,127.08,5.19,4,0.96,5.701,-3.741,-17.784,0.63,-2.27,0.08,0.98,4.68
354,36,0.177435,120,0.487793,128.1,5.58,4,0.95,1.994,2.607,-9.825,0.6,-1.97,0.08,0.99,4.68
355,36,0.177434,120,0.487794,129.25,6.11,4,1,2.957,1.331,-10.148,0.61,-2.04,0.09,1.03,4.48
356,36,0.177434,120,0.487795,130.6,6.76,4,1.02,-3.932,2.302,-4.076,0.61,-1.77,0.1,1.02,4.15
357,36,0.177433,120,0.487796,132.05,6.11,4,1.03,3.92,-4.99,-17.771,0.55,-2.13,0.1,1.12,3.86
358,36,0.177432,120,0.487797,133.19,5.86,4,1.03,-4.106,7.173,4.501,0.53,-1.98,0.1,1.13,3.86
359,36,0.177431,120,0.487797,134.51,6.88,4,1.01,1.395,1.254,-5.346,0.61,-2.29,0.1,0.99,3.84
360,36,0.17743,120,0.487798,135.62,7.15,4,0.97,5.913,-0.373,-3.015,0.57,-2.36,0.1,1.04,3.82
361,36,0.17743,120,0.487799,136.98,7.07,4,1.01,4.346,-1.126,2.722,0.5,-2.25,0.1,1.01,3.88
362,36,0.177429,120,0.487799,138.14,7.02,4,1.01,5.684,-0.092,3.492,0.31,-1.88,0.1,1.03,4.1
363,36,0.177428,120,0.4878,139.32,6.94,4,1.04,-4.151,7.521,7.049,0.2,-2.24,0.1,1.03,4.07
364,36,0.177427,120,0.487801,140.67,7.22,4,0.98,3.904,-2.026,11.249,0.11,-2.22,0.1,0.98,3.96
365,36,0.177426,120,0.487801,142.31,7.56,4,0.97,4.091,-3.223,6.202,0.15,-1.98,0.09,0.93,3.87
366,36,0.177425,120,0.487802,143.55,6.99,4,1,5.42,-4.381,-17.684,0.02,-2.26,0.1,0.92,3.76
367,36,0.177424,120,0.487803,144.82,7.88,4,0.98,3.703,2.964,-17.192,-0.13,-2.16,0.09,1.04,3.7
368,36,0.177423,120,0.487804,145.89,7.98,4,1,8.988,-2.745,-17.555,-0.08,-2.05,0.09,1.05,3.72
369,36,0.177422,120,0.487804,147.17,7.67,4,1.01,1.702,-0.859,-17.452,-0.07,-2.15,0.08,1.06,3.87
370,36,0.177421,120,0.487805,148.54,7.48,4,1.04,5.017,-1.105,-17.477,0,-2.23,0.09,1.15,4.03
371,36,0.17742,120,0.487805,149.65,8.06,4,1.02,5.155,0.284,-16.32,0.03,-2.53,0.09,1.13,4.11
372,36,0.177419,120,0.487806,151.02,8.53,4,1.02,4.619,-1.506,-17.514,-0.04,-2.55,0.09,1.08,4.28
373,36,0.177418,120,0.487806,152.41,7.95,4,0.97,0.529,-0.038,15.014,-0.01,-2.51,0.09,0.96,4.32
374,36,0.177417,120,0.487807,153.65,7.52,4,0.98,1.717,-5.035,13.176,-0.06,-2.39,0.08,0.94,4.44
375,36,0.177417,120,0.487807,154.6,7.88,4,0.98,1.757,0.3,8.463,0,-2.38,0.08,1.01,4.57
376,36,0.177416,120,0.487808,155.82,8.32,4,1.02,-1.323,-4.445,15.052,-0.13,-2.53,0.08,0.96,4.62
377,36,0.177415,120,0.487808,157.15,7.82,4,1.06,2.736,-3.816,-7.298,-0.17,-2.15,0.09,0.92,4.72
378,36,0.177414,120,0.487808,158.11,7.91,4,1.03,-12.919,4.525,-11.078,-0.31,-2.21,0.08,0.93,4.59
379,36,0.177413,120,0.487809,159.33,7.86,4,1,3.766,-0.705,10.348,-0.37,-1.98,0.07,0.99,4.39
380,36,0.177411,120,0.487809,160.5,7.99,4,1.01,-9.829,6.608,-17.003,-0.47,-2.1,0.07,0.89,4.13
381,36,0.17741,120,0.487809,161.46,7.52,4,1.01,3.726,-4.762,1.435,-0.51,-2.05,0.06,1,3.99
382,36,0.17741,120,0.48781,162.33,7.66,4,1.04,3.536,-3.38,-1.411,-0.53,-2.18,0.07,1.1,3.83
383,36,0.177409,120,0.48781,163.47,7.95,4,0.98,2.877,-2.219,7.919,-0.39,-2.29,0.06,1,3.85
384,36,0.177408,120,0.48781,164.71,8.03,4,1.02,2.576,-3.932,7.577,-0.39,-1.78,0.07,1.06,3.98
385,36,0.177406,120,0.48781,165.79,8.18,4,1.02,-2.034,3.695,-9.016,-0.4,-1.84,0.07,0.9,3.99
386,36,0.177406,120,0.487811,166.7,8.49,4,1.02,3.196,-2.322,7.887,-0.43,-1.72,0.06,0.94,4.05
387,36,0.177404,120,0.487811,167.83,8.11,4,1.03,7.119,-1.786,-17.476,-0.51,-2.18,0.06,1.02,4.27
388,36,0.177403,120,0.487811,168.92,8.5,4,1.05,6.275,-1.235,-12.602,-0.64,-2.6,0.06,1.12,4.4
389,36,0.177402,120,0.487811,169.88,8.55,4,1.03,5.503,-1.917,-15.995,-0.68,-2.73,0.07,1.08,4.52
390,36,0.177401,120,0.487811,171.09,8.66,4,1,-6.484,5.84,-5.626,-0.68,-2.85,0.06,1,4.56
391,36,0.1774,120,0.487812,172.21,8.16,4,1.05,2.022,-3.503,-17.66,-0.82,-2.86,0.06,0.98,4.52
392,36,0.177399,120,0.487812,173.19,8.58,4,1.04,-13.314,7.484,-17.055,-1.01,-2.37,0.07,0.99,4.5
393,36,0.177398,120,0.487812,174.02,8.76,4,1.03,-13.353,6.356,-17.166,-1.08,-2.39,0.06,0.92,4.45
394,36,0.177397,120,0.487812,175.07,8.13,4,1.02,1.257,-3.68,12.147,-1.16,-1.9,0.06,1.03,4.48
395,36,0.177396,120,0.487812,175.93,8.3,4,0.97,1.53,-1.575,-5.178,-1.26,-2.24,0.06,1.08,4.43
396,36,0.177395,120,0.487812,177.11,8.24,4,1.02,3.618,-1.321,9.253,-1.23,-2.12,0.06,1,4.37
397,36,0.177394,120,0.487812,177.96,8.27,4,1.03,4.24,-2.186,-9.115,-1.3,-2.34,0.05,1.14,4.49
398,36,0.177394,120,0.487812,179.02,7.82,4,1.03,0.95,-2.85,-0.279,-1.2,-2.33,0.05,1.04,4.66
399,36,0.177393,120,0.487812,179.86,7.61,4,1.01,-0.965,1.994,1.876,-1.24,-2.11,0.05,1.06,4.71
400,36,0.177392,120,0.487812,180.89,8.37,4,1.06,-3.8,4.926,8.586,-1.15,-2.63,0.05,1.11,4.73
401,36,0.177391,120,0.487812,181.61,7.69,4,1.02,-3.903,2.202,-3.99,-1.11,-2.2,0.04,1.03,4.69
402,36,0.17739,120,0.487812,182.51,7.48,4,1.02,1.191,-0.711,-17.447,-1.07,-2.23,0.04,1.02,4.53
403,36,0.177389,120,0.487811,183.31,7.61,4,0.98,6.541,-1.087,-6.033,-1.11,-1.99,0.04,1.16,4.43
404,36,0.177388,120,0.487811,184.18,7.23,4,1,4.142,-2.065,-3.606,-0.98,-2.11,0.03,0.97,4.34
405,36,0.177387,120,0.487811,184.86,7.13,4,0.98,5.285,-3.451,5.835,-1.05,-2.32,0.03,1.12,4.27
406,36,0.177386,120,0.487811,185.63,6.71,4,0.98,1.22,0.064,3.34,-0.9,-2.44,0.03,1.01,4.19
407,36,0.177385,120,0.487811,186.42,6.67,4,0.97,2.817,-2.572,12.314,-0.86,-2.24,0.03,1,4.05
408,36,0.177384,120,0.487811,187.13,6.7,4,1.01,-14.584,4.085,-3.31,-0.78,-2.19,0.03,0.91,4.01
409,36,0.177383,120,0.487811,187.59,6.41,4,0.98,-12.76,2.985,-5.226,-0.8,-2.3,0.03,1.02,4.07
410,36,0.177382,120,0.487811,188.12,5.86,4,0.95,2.459,-0.073,7.713,-0.78,-2.3,0.02,0.91,4.08
411,36,0.177381,120,0.487811,188.6,5.71,4,1,3.258,-3.803,10.067,-0.85,-2.2,0.02,0.95,3.94
412,36,0.17738,120,0.487811,189.02,5.76,4,0.96,-12.401,5.657,-15.42,-0.88,-2.31,0.01,0.85,3.86
413,36,0.177379,120,0.48781,189.41,5.57,4,1.01,-10.933,3.979,-17.157,-0.99,-2.45,0.01,0.82,3.81
414,36,0.177378,120,0.48781,190,5.22,4,1,0.7,-0.738,12.652,-1.2,-2.09,0.01,1.09,3.66
415,36,0.177377,120,0.48781,190.47,4.96,4,0.96,-4.497,3.153,0.797,-1.22,-2.35,0.01,1.07,3.65
416,36,0.177376,120,0.48781,190.83,4.08,4,0.98,4.146,-5.753,5.088,-1.21,-2.14,0,1.02,3.66
417,36,0.177375,120,0.48781,191.04,4.37,4,1,1.509,1.083,-17.293,-1.24,-2.41,0,1,3.59
418,36,0.177374,120,0.48781,191.23,4.59,4,0.93,-4.415,-0.271,3.306,-1.19,-2.08,0,0.91,3.45
419,36,0.177373,120,0.487809,191.41,3.78,4,0.96,5.108,-4.636,-17.555,-1.24,-1.9,0,1,3.38
420,36,0.177372,120,0.487809,191.44,2.86,4,0.96,3.398,0.984,-10.184,-1.33,-2.05,0,1.03,3.35
421,36,0.177371,120,0.487809,191.35,2.37,4,0.94,2.563,-3.125,-14.233,-1.3,-2.41,-0.01,1.04,3.39
422,36,0.17737,120,0.487809,191.16,2.44,4,0.91,-13.994,3.808,-5.532,-1.19,-2.39,-0.01,0.87,3.48
423,36,0.177369,120,0.487809,190.93,2.35,4,0.97,-2.494,-4.086,12.849,-1.15,-2.53,-0.01,1.01,3.54
424,36,0.177368,120,0.487809,190.95,2.13,4,0.96,1.127,-2.912,15.815,-1.07,-2.43,-0.01,0.9,3.62
425,36,0.177367,120,0.487809,190.78,1.74,4,0.95,-1.071,-3.742,5.15,-1.02,-2.25,-0.02,0.78,3.71
426,36,0.177366,120,0.487809,190.56,1.33,4,0.94,1.171,-0.082,16.869,-1.11,-2.03,-0.02,0.91,3.79
427,36,0.177365,120,0.487809,190.06,1.12,4,0.93,0.953,-1.655,7.626,-1.23,-2,-0.02,0.95,3.68
428,36,0.177364,120,0.487809,189.6,0.26,4,0.95,8.17,-3.86,-17.46,-1.31,-2.08,-0.03,0.87,3.7
429,36,0.177363,120,0.487809,189.14,1.08,4,0.95,2.914,2.812,-17.146,-1.36,-2.13,-0.03,1.01,3.71
430,36,0.177362,120,0.487809,188.85,0.99,4,0.94,5.556,1.455,-5.649,-1.44,-2.43,-0.04,1.02,3.74
431,36,0.177361,120,0.487809,188.59,0.76,4,0.96,8.464,-0.077,-17.192,-1.41,-2.2,-0.04,1.02,3.67
432,36,0.17736,120,0.487809,188.1,0.46,4,0.89,4.137,-1.767,-17.411,-1.34,-2.49,-0.04,0.92,3.62
433,36,0.17736,120,0.487809,187.8,1.4,4,0.93,-5.736,8.01,7.108,-1.35,-2.06,-0.05,0.91,3.6
434,36,0.177359,120,0.487809,187.56,1.41,4,0.94,5.557,-5.207,-17.597,-1.45,-2.17,-0.05,0.95,3.72
435,36,0.177358,120,0.487809,187.33,0.03,4,0.94,6.587,-4.713,-15.57,-1.4,-1.8,-0.06,0.93,3.78
436,36,0.177357,120,0.487809,186.86,0.19,4,0.9,3.011,1.149,-17.254,-1.3,-1.87,-0.06,0.89,3.65
437,36,0.177356,120,0.487809,186.62,0.46,4,0.93,7.493,-3.819,-17.463,-1.26,-1.95,-0.07,1.03,3.5
438,36,0.177355,120,0.487809,186.45,0.53,4,0.88,-11.106,4.438,-16.689,-1.25,-1.96,-0.06,0.83,3.48
439,36,0.177354,120,0.487809,186.29,0.53,4,0.94,-5.739,7.588,-4.886,-1.15,-1.95,-0.07,0.85,3.56
440,36,0.177353,120,0.487809,185.93,0.02,4,0.94,1.753,4.052,-11.998,-1.22,-2.48,-0.08,0.88,3.6
441,36,0.177352,120,0.487809,185.61,0.66,4,0.94,3.01,1.298,-17.056,-1.36,-2.23,-0.08,0.92,3.53
442,36,0.177351,120,0.487809,185.39,0.38,4,0.95,5.273,-3.631,-17.47,-1.52,-2.56,-0.09,0.97,3.41
443,36,0.17735,120,0.487809,185.24,0.56,4,0.89,-0.262,3.101,-5.887,-1.52,-2.37,-0.09,1.02,3.43
444,36,0.177349,120,0.487809,185.05,0.39,4,0.94,-1.761,3.923,12.025,-1.4,-2.44,-0.09,0.94,3.58
445,36,0.177348,120,0.487809,184.89,0.65,4,0.9,-5.712,2.959,-0.763,-1.45,-2.38,-0.08,0.97,3.72
446,36,0.177347,120,0.487809,184.61,-0.37,4,0.94,3.294,-3.391,-10.541,-1.51,-2.05,-0.09,0.97,3.92
447,36,0.177346,120,0.487809,184.39,-0.15,4,0.98,4.875,0.579,-15.913,-1.48,-2.36,-0.08,1.07,3.87
448,36,0.177345,120,0.487809,184.25,0.72,4,0.93,-2.78,1.863,4.787,-1.36,-2.14,-0.07,0.97,3.89
449,36,0.177344,120,0.487809,184.15,0.02,4,0.95,5.113,-5.367,-17.652,-1.29,-2.38,-0.07,0.96,3.9
450,36,0.177343,120,0.487809,183.86,0.05,4,0.91,-2.988,4.546,1.181,-1.29,-2.43,-0.07,0.91,3.76
451,36,0.177342,120,0.487809,183.61,-0.38,4,0.95,2.009,-4.691,-14.577,-1.39,-2.41,-0.07,0.93,3.62
452,36,0.177341,120,0.487809,183.32,0.4,4,0.93,-10.732,4.539,-2.171,-1.55,-2.21,-0.06,0.94,3.41
453,36,0.17734,120,0.487809,183.05,-0.51,4,0.95,1.726,-4.321,-4.151,-1.62,-2.06,-0.06,0.91,3.36
454,36,0.17734,120,0.487809,182.8,-0.46,4,0.96,0.488,0.922,3.055,-1.73,-1.98,-0.06,1.03,3.33
455,36,0.177339,120,0.487809,182.6,-0.02,4,0.93,0.079,-3.806,2.273,-1.62,-2.05,-0.05,0.84,3.42
456,36,0.177338,120,0.487809,182.36,0.02,4,0.89,-12.504,6.039,-17.405,-1.68,-2.12,-0.05,0.88,3.35
457,36,0.177337,120,0.487809,182.15,-0.52,4,0.91,4.563,-4.158,1.331,-1.55,-2.3,-0.05,0.86,3.32
458,36,0.177336,120,0.487809,181.78,-0.29,4,0.95,2.507,2.117,5.706,-1.7,-2.11,-0.04,1.03,3.5
459,36,0.177335,120,0.487809,181.67,-0.16,4,0.95,-0.069,-4.717,8.203,-1.61,-2.35,-0.04,0.84,3.6
460,36,0.177334,120,0.487809,181.48,-0.1,4,0.93,-7.183,4.759,-11.503,-1.68,-2.19,-0.03,0.91,3.71
461,36,0.177333,120,0.487809,181.34,-0.34,4,0.96,6.431,-2.508,-17.386,-1.54,-2.31,-0.03,0.97,3.65
462,36,0.177332,120,0.487809,181.24,-0.5,4,0.89,0.078,-3.745,6.501,-1.5,-2.18,-0.03,0.87,3.69
463,36,0.177331,120,0.487809,181.06,-0.44,4,0.91,6.164,-2.592,-17.406,-1.53,-2.09,-0.03,0.8,3.76
464,36,0.17733,120,0.487809,180.96,0.2,4,0.9,-13.615,5.907,-17.378,-1.59,-2.16,-0.02,0.75,3.87
465,36,0.177329,120,0.487809,180.89,-0.16,4,0.91,-14.313,6.276,-17.358,-1.6,-2.14,-0.02,0.81,4.07
466,36,0.177328,120,0.487809,180.77,-0.72,4,0.89,3.565,-5.831,10.869,-1.61,-2.28,-0.02,0.84,4.21
467,36,0.177327,120,0.487809,180.59,-0.19,4,0.94,-10.255,6.508,-2.621,-1.66,-2.09,-0.01,0.91,4.31
468,36,0.177326,120,0.487809,180.49,0.41,4,0.9,0.427,-3.685,7.78,-1.6,-2.14,-0.01,0.87,4.27
469,36,0.177325,120,0.487809,180.54,-0.29,4,0.91,3.242,0.139,5.532,-1.7,-2.22,-0.01,0.84,4.23
470,36,0.177324,120,0.487809,180.36,-0.53,4,0.9,2.986,-1.565,-1.076,-1.81,-2.08,-0.02,0.9,4.2
471,36,0.177323,120,0.487809,180.06,-0.8,4,0.94,0.051,-3.288,-1.625,-1.67,-2.22,-0.01,0.84,4.19
472,36,0.177322,120,0.487809,180.01,-0.07,4,0.89,5.254,-0.084,-11.285,-1.65,-2.24,-0.01,0.95,4.07
473,36,0.177321,120,0.487809,180.02,0.06,4,0.91,4.613,1.722,-17.165,-1.47,-2.5,-0.01,0.98,3.97
474,36,0.17732,120,0.487809,180,-0.37,4,0.87,1.573,-3.477,-17.598,-1.28,-2.45,-0.01,0.93,3.85
475,36,0.177319,120,0.487809,179.92,0.09,4,0.93,-10.083,6.177,2.667,-1.2,-2.59,0,0.95,3.73
476,36,0.177318,120,0.487809,179.96,-0.41,4,0.97,-10.069,4.541,-5.92,-1.12,-2.54,0,0.93,3.7
477,36,0.177317,120,0.487809,179.88,-0.44,4,0.94,1.978,-4.2,-1.03,-1.15,-2.26,0,0.94,3.6
478,36,0.177317,120,0.487809,179.79,-0.41,4,0.89,3.767,-2.853,3.867,-1.14,-2.19,0,0.86,3.46
479,36,0.177316,120,0.487809,179.55,-0.07,4,0.9,-7.821,4.284,-2.877,-1.17,-2.13,0,0.84,3.3
480,36,0.177315,120,0.487809,179.49,-0.52,4,0.9,3.231,-4.091,-17.537,-1.27,-2.44,0,0.94,3.12
481,36,0.177314,120,0.487809,179.37,0.1,4,0.91,-5.768,4.786,5.513,-1.25,-2.43,0,0.9,2.89
482,36,0.177313,120,0.487809,179.33,-0.19,4,0.9,6.076,-3.773,-17.431,-1.33,-2.42,0.01,1,2.87
483,36,0.177312,120,0.487809,179.33,-0.12,4,0.9,-10.576,3.421,-10.305,-1.13,-2.49,0.01,0.85,2.99
484,36,0.177311,120,0.487809,179.26,-0.04,4,0.93,1.825,-0.889,11.692,-1.11,-2.17,0,0.97,3.11
485,36,0.17731,120,0.487809,179.32,-0.26,4,0.98,2.389,-1.912,-16.952,-1.04,-2.51,0,0.89,3.04
486,36,0.177309,120,0.487809,179.35,-0.23,4,0.94,0.399,-3.939,6.132,-0.95,-2.34,0.01,0.94,2.98
487,36,0.177308,120,0.487809,179.43,0.36,4,0.89,-6.991,4.483,-4.818,-0.86,-2.35,0,0.81,2.9
488,36,0.177307,120,0.487809,179.46,0.07,4,0.88,-0.989,5.655,-3.261,-0.76,-2.57,0,0.94,2.88
489,36,0.177306,120,0.487809,179.52,-0.18,4,0.9,6.811,-3.101,-17.476,-0.61,-2.62,0,0.9,3.06
490,36,0.177305,120,0.487809,179.75,0.67,4,0.89,1.707,-4.059,13.26,-0.55,-2.52,0,0.97,3.04
491,36,0.177304,120,0.487809,179.96,0.86,4,0.88,-7.58,3.7,-0.849,-0.53,-2.36,0,0.82,3.12
492,36,0.177303,120,0.487809,180.04,0.11,4,0.91,3.04,0.148,-3.809,-0.55,-2.38,0,0.88,3.25
493,36,0.177302,120,0.487809,180.04,0.32,4,0.89,1.381,-4.707,-17.65,-0.51,-2.36,-0.01,0.92,3.35
494,36,0.177301,120,0.487809,180.23,0.62,4,0.94,-0.212,-4.145,2.179,-0.44,-2.38,-0.01,0.87,3.59
495,36,0.1773,120,0.487809,180.44,0.69,4,0.94,0.728,-2.726,8.936,-0.62,-2.14,-0.01,0.97,3.6
496,36,0.177299,120,0.487809,180.63,0.76,4,0.97,-14.152,5.38,-2.058,-0.72,-2.02,-0.01,0.86,3.65
497,36,0.177298,120,0.487809,180.85,0.75,4,0.89,2.471,-0.175,-11.315,-0.75,-1.9,-0.01,0.9,3.9
498,36,0.177297,120,0.487809,180.97,-0.96,4,0.93,-6.564,4.683,-6.104,-0.91,-1.94,-0.02,0.9,4
499,36,0.177296,120,0.487809,181.18,1.14,4,0.91,7.159,-3.535,-17.544,-0.8,-2.19,-0.02,0.95,3.94
500,36,0.177296,120,0.487809,181.4,0.54,4,0.93,5.43,0.016,-17.33,-0.71,-2.47,-0.02,0.99,3.92
501,36,0.177295,120,0.487808,181.57,0.58,4,0.91,2.954,2.023,-2.033,-0.73,-2.36,-0.02,0.91,4
502,36,0.177294,120,0.487808,181.67,0.84,4,0.93,3.444,-1.954,-17.483,-0.89,-2.12,-0.03,0.91,3.99
503,36,0.177293,120,0.487808,181.77,0.64,4,0.94,3.988,-4.15,-10.619,-0.92,-2.36,-0.03,0.93,4.11
504,36,0.177292,120,0.487808,181.95,0.62,4,0.94,-5.135,2.161,-17.333,-0.98,-2.3,-0.03,0.88,4.21
505,36,0.177291,120,0.487808,182.11,0.81,4,0.88,1.12,0.89,-14.988,-1.15,-2.33,-0.03,0.87,4.34
506,36,0.17729,120,0.487808,182.19,0.66,4,0.87,5.111,0.354,-17.264,-1.34,-2.28,-0.03,0.81,4.32
507,36,0.177289,120,0.487808,182.24,0.43,4,0.81,0.794,-4.391,0.542,-1.66,-1.99,-0.03,0.84,4.32
508,36,0.177288,120,0.487808,182.39,0.47,4,0.75,0.112,-1.273,-5.374,-1.78,-2.45,-0.03,0.75,4.07
509,36,0.177287,120,0.487808,182.56,0.4,4,0.47,-5.296,0.021,-2.83,-1.48,-1.95,-0.03,0.51,4.06
510,36,0.177286,120,0.487808,182.66,0.42,4,0.41,1.494,-2.387,0.389,-1.82,-1.77,-0.02,0.44,4.33
511,36,0.177285,120,0.487808,182.85,0.57,4,0.47,6.298,2.523,-6.138,-1.47,-2.44,-0.03,0.47,4.89
512,36,0.177285,120,0.487808,183.09,0.41,4,0.64,-2.168,1.564,-17.353,-1.62,-2.27,-0.04,0.64,4.81
513,36,0.177284,120,0.487808,183.15,0.02,4,0.57,-3.892,1.768,-6.782,-1.76,-2.25,-0.04,0.62,4.77
514,36,0.177283,120,0.487808,183.23,0.86,4,0.47,0.055,-5.145,-17.848,-1.42,-2.51,-0.03,0.59,4.75
515,36,0.177282,120,0.487808,183.38,0.62,4,0.59,-3.855,8.11,-4.564,-1.1,-2.3,-0.04,0.46,4.71
516,36,0.177281,120,0.487808,183.45,0.35,4,0.58,3.393,-8.433,-18.033,-1.15,-2.36,-0.04,0.58,4.63
517,36,0.17728,120,0.487807,183.52,0.58,4,0.52,1.418,-8.617,-18.106,-0.93,-1.87,-0.04,0.6,4.72
518,36,0.177279,120,0.487807,183.68,0.4,4,0.63,-1.197,-0.486,-8.338,-0.56,-2.24,-0.04,0.65,4.97
519,36,0.177278,120,0.487807,183.6,0.34,4,0.54,-3.566,-4.143,-17.799,-0.43,-1.94,-0.04,0.55,4.88
520,36,0.177277,120,0.487807,183.53,-0.38,4,0.58,1.333,-4.201,-5.968,-0.3,-2.06,-0.04,0.57,4.84
521,36,0.177276,120,0.487807,183.27,0.3,4,0.59,-2.845,9.343,-8.442,-0.25,-2.17,-0.04,0.58,4.63
522,36,0.177275,120,0.487807,183,-0.48,4,0.57,-0.919,-5.503,5.55,-0.36,-2.72,-0.04,0.57,4.2
523,36,0.177275,120,0.487807,182.83,-0.05,4,0.53,0.521,7.152,-16.92,-0.37,-2.3,-0.03,0.57,3.75
524,36,0.177274,120,0.487807,182.42,-0.41,4,0.42,0.195,11.04,0.495,-0.38,-2.35,-0.02,0.4,3.24
525,36,0.177273,120,0.487807,182.52,-0.32,4,0.32,0.174,-5.76,12.141,-0.67,-2.33,-0.02,0.39,2.52
526,36,0.177272,120,0.487807,181.95,0.33,4,0.19,-0.651,-9.353,-17.635,-0.37,-2.73,-0.01,0.17,1.64
