frame,pgsnh,gpsnl,gpseh,gpsel,heading_angle,yaw_rate,gps_state,gps_velocity,acceleration_forward,acceleration_lateral,acceleration_down,pitch_angle,velocity_down,velocity_lateral,velocity_forward,roll_angle
1,36.000000,0.177024,120.000000,0.488153,85.320000,-0.090000,4.000000,0.000000,-5.947000,-2.756000,-17.996000,16.630000,-1.370000,0.000000,0.000000,8.150000
2,36.000000,0.177024,120.000000,0.488153,85.320000,0.030000,4.000000,0.000000,-5.143000,1.331000,-17.670000,12.310000,-1.500000,0.000000,0.000000,8.160000
3,36.000000,0.177024,120.000000,0.488153,85.320000,0.030000,4.000000,0.000000,-5.143000,1.331000,-17.670000,12.310000,-1.500000,0.000000,0.000000,8.160000
4,36.000000,0.177024,120.000000,0.488153,85.320000,-0.120000,4.000000,0.000000,-6.666000,-0.693000,-12.065000,24.170000,-1.700000,0.000000,0.000000,8.150000
5,36.000000,0.177024,120.000000,0.488153,85.320000,-0.120000,4.000000,0.000000,-6.666000,-0.693000,-12.065000,24.170000,-1.700000,0.000000,0.000000,8.150000
6,36.000000,0.177024,120.000000,0.488153,85.350000,0.120000,4.000000,0.020000,-0.298000,0.581000,-10.342000,18.020000,-1.820000,0.000000,0.000000,8.200000
7,36.000000,0.177024,120.000000,0.488153,85.350000,0.120000,4.000000,0.020000,-0.298000,0.581000,-10.342000,18.020000,-1.820000,0.000000,0.000000,8.200000
8,36.000000,0.177024,120.000000,0.488153,85.350000,-0.040000,4.000000,0.020000,5.693000,-6.216000,-20.288000,7.000000,-2.030000,0.000000,0.000000,8.150000
9,36.000000,0.177024,120.000000,0.488153,85.350000,-0.090000,4.000000,0.020000,2.521000,-2.354000,-9.221000,13.590000,-2.020000,0.000000,0.000000,8.180000
10,36.000000,0.177024,120.000000,0.488153,85.350000,-0.090000,4.000000,0.020000,2.521000,-2.354000,-9.221000,13.590000,-2.020000,0.000000,0.000000,8.180000
11,36.000000,0.177024,120.000000,0.488153,85.350000,-0.090000,4.000000,0.020000,2.521000,-2.354000,-9.221000,13.590000,-2.020000,0.000000,0.000000,8.180000
12,36.000000,0.177024,120.000000,0.488153,85.360000,0.160000,4.000000,0.020000,-5.000000,6.008000,7.043000,3.300000,-1.880000,0.000000,0.000000,8.190000
13,36.000000,0.177024,120.000000,0.488153,85.360000,-0.190000,4.000000,0.020000,7.343000,-3.151000,-5.401000,-5.630000,-1.900000,0.000000,0.000000,8.170000
14,36.000000,0.177024,120.000000,0.488153,85.360000,-0.190000,4.000000,0.020000,7.343000,-3.151000,-5.401000,-5.630000,-1.900000,0.000000,0.000000,8.170000
15,36.000000,0.177024,120.000000,0.488153,85.360000,0.110000,4.000000,0.020000,-6.570000,10.049000,0.976000,-5.500000,-1.850000,0.000000,0.000000,8.190000
16,36.000000,0.177024,120.000000,0.488153,85.360000,0.110000,4.000000,0.020000,-6.570000,10.049000,0.976000,-5.500000,-1.850000,0.000000,0.000000,8.190000
17,36.000000,0.177024,120.000000,0.488153,85.360000,-0.270000,4.000000,0.020000,-4.894000,-3.255000,1.101000,-14.350000,-1.740000,0.000000,0.000000,8.170000
18,36.000000,0.177024,120.000000,0.488153,85.360000,-0.270000,4.000000,0.020000,-4.894000,-3.255000,1.101000,-14.350000,-1.740000,0.000000,0.000000,8.170000
19,36.000000,0.177024,120.000000,0.488153,85.360000,0.010000,4.000000,0.020000,-5.223000,8.752000,7.816000,-2.980000,-1.720000,0.000000,0.000000,8.190000
20,36.000000,0.177024,120.000000,0.488153,85.360000,0.010000,4.000000,0.020000,-5.223000,8.752000,7.816000,-2.980000,-1.720000,0.000000,0.000000,8.190000
21,36.000000,0.177024,120.000000,0.488153,85.360000,-0.200000,4.000000,0.020000,-7.767000,1.775000,5.463000,-5.730000,-1.650000,0.000000,0.000000,8.170000
22,36.000000,0.177024,120.000000,0.488153,85.350000,-0.080000,4.000000,0.020000,-5.331000,7.663000,-5.146000,6.060000,-1.790000,0.000000,0.000000,8.130000
23,36.000000,0.177024,120.000000,0.488153,85.350000,-0.080000,4.000000,0.020000,-5.331000,7.663000,-5.146000,6.060000,-1.790000,0.000000,0.000000,8.130000
24,36.000000,0.177024,120.000000,0.488153,85.350000,0.370000,4.000000,0.020000,-9.662000,8.088000,0.941000,1.720000,-1.850000,0.000000,0.000000,8.140000
25,36.000000,0.177024,120.000000,0.488153,85.350000,0.370000,4.000000,0.020000,-9.662000,8.088000,0.941000,1.720000,-1.850000,0.000000,0.000000,8.140000
26,36.000000,0.177024,120.000000,0.488153,85.330000,-0.170000,4.000000,0.020000,-0.724000,-2.419000,0.576000,1.220000,-1.800000,0.000000,0.000000,8.060000
27,36.000000,0.177024,120.000000,0.488153,85.330000,-0.170000,4.000000,0.020000,-0.724000,-2.419000,0.576000,1.220000,-1.800000,0.000000,0.000000,8.060000
28,36.000000,0.177024,120.000000,0.488153,85.330000,0.310000,4.000000,0.020000,8.078000,-5.112000,-11.366000,11.770000,-1.900000,0.000000,0.000000,8.090000
29,36.000000,0.177024,120.000000,0.488153,85.330000,0.310000,4.000000,0.020000,8.078000,-5.112000,-11.366000,11.770000,-1.900000,0.000000,0.000000,8.090000
30,36.000000,0.177024,120.000000,0.488153,85.330000,0.030000,4.000000,0.020000,-4.176000,2.632000,-12.714000,5.110000,-1.950000,0.000000,0.000000,8.040000
31,36.000000,0.177024,120.000000,0.488153,85.330000,0.030000,4.000000,0.020000,-4.176000,2.632000,-12.714000,5.110000,-1.950000,0.000000,0.000000,8.040000
32,36.000000,0.177024,120.000000,0.488153,85.380000,0.290000,4.000000,0.040000,13.230000,-8.645000,-13.543000,18.000000,-2.080000,0.000000,0.010000,8.070000
33,36.000000,0.177024,120.000000,0.488153,85.380000,0.290000,4.000000,0.040000,13.230000,-8.645000,-13.543000,18.000000,-2.080000,0.000000,0.010000,8.070000
34,36.000000,0.177024,120.000000,0.488153,85.380000,0.060000,4.000000,0.040000,-1.644000,1.009000,-18.329000,4.300000,-2.080000,0.000000,0.010000,8.030000
35,36.000000,0.177024,120.000000,0.488153,85.380000,0.060000,4.000000,0.040000,-1.644000,1.009000,-18.329000,4.300000,-2.080000,0.000000,0.010000,8.030000
36,36.000000,0.177024,120.000000,0.488153,85.270000,0.200000,4.000000,0.020000,11.221000,-9.168000,-19.435000,-2.120000,-2.310000,0.000000,0.010000,8.010000
37,36.000000,0.177024,120.000000,0.488153,85.270000,0.050000,4.000000,0.020000,3.337000,0.620000,-9.213000,9.570000,-2.260000,0.000000,0.000000,8.030000
38,36.000000,0.177024,120.000000,0.488153,85.270000,0.050000,4.000000,0.020000,3.337000,0.620000,-9.213000,9.570000,-2.260000,0.000000,0.000000,8.030000
39,36.000000,0.177024,120.000000,0.488153,85.270000,-0.190000,4.000000,0.020000,4.982000,-6.146000,-19.520000,1.280000,-2.290000,0.000000,0.000000,7.960000
40,36.000000,0.177024,120.000000,0.488153,85.270000,-0.190000,4.000000,0.020000,4.982000,-6.146000,-19.520000,1.280000,-2.290000,0.000000,0.000000,7.960000
41,36.000000,0.177024,120.000000,0.488153,85.250000,-0.120000,4.000000,0.040000,8.299000,-4.257000,-11.443000,3.470000,-2.400000,0.000000,0.010000,7.960000
42,36.000000,0.177024,120.000000,0.488153,85.250000,-0.210000,4.000000,0.040000,2.728000,-4.917000,-19.236000,0.290000,-2.230000,0.000000,0.010000,7.900000
43,36.000000,0.177024,120.000000,0.488153,85.250000,-0.210000,4.000000,0.040000,2.728000,-4.917000,-19.236000,0.290000,-2.230000,0.000000,0.010000,7.900000
44,36.000000,0.177024,120.000000,0.488153,85.250000,-0.100000,4.000000,0.040000,-3.509000,0.037000,3.559000,-1.310000,-2.240000,0.000000,0.010000,7.890000
45,36.000000,0.177024,120.000000,0.488153,85.250000,-0.100000,4.000000,0.040000,-3.509000,0.037000,3.559000,-1.310000,-2.240000,0.000000,0.010000,7.890000
46,36.000000,0.177024,120.000000,0.488153,85.270000,-0.110000,4.000000,0.050000,1.128000,-6.615000,-13.087000,4.010000,-2.170000,0.000000,0.010000,7.850000
47,36.000000,0.177024,120.000000,0.488153,85.270000,-0.110000,4.000000,0.050000,1.128000,-6.615000,-13.087000,4.010000,-2.170000,0.000000,0.010000,7.850000
48,36.000000,0.177024,120.000000,0.488153,85.270000,-0.200000,4.000000,0.050000,-3.202000,3.360000,4.634000,0.350000,-2.120000,0.000000,0.010000,7.840000
49,36.000000,0.177024,120.000000,0.488153,85.270000,-0.200000,4.000000,0.050000,-3.202000,3.360000,4.634000,0.350000,-2.120000,0.000000,0.010000,7.840000
50,36.000000,0.177024,120.000000,0.488153,85.330000,-0.130000,4.000000,0.040000,-1.838000,8.367000,6.895000,17.760000,-2.120000,0.000000,0.080000,7.850000
51,36.000000,0.177024,120.000000,0.488153,85.330000,-0.130000,4.000000,0.040000,-1.838000,8.367000,6.895000,17.760000,-2.120000,0.000000,0.080000,7.850000
52,36.000000,0.177024,120.000000,0.488153,85.330000,-0.170000,4.000000,0.040000,-9.515000,9.097000,4.538000,8.780000,-2.000000,0.000000,0.000000,7.830000
53,36.000000,0.177024,120.000000,0.488153,85.330000,-0.170000,4.000000,0.040000,-9.515000,9.097000,4.538000,8.780000,-2.000000,0.000000,0.000000,7.830000
54,36.000000,0.177024,120.000000,0.488153,85.330000,0.090000,4.000000,0.040000,-1.053000,7.736000,4.812000,3.310000,-2.020000,0.000000,0.010000,7.760000
55,36.000000,0.177024,120.000000,0.488153,85.290000,0.490000,4.000000,0.050000,-10.735000,11.385000,0.677000,3.260000,-1.880000,0.000000,0.010000,7.790000
56,36.000000,0.177024,120.000000,0.488153,85.290000,0.490000,4.000000,0.050000,-10.735000,11.385000,0.677000,3.260000,-1.880000,0.000000,0.010000,7.790000
57,36.000000,0.177024,120.000000,0.488153,85.290000,-0.030000,4.000000,0.050000,1.227000,4.391000,1.571000,-3.030000,-2.000000,0.000000,0.120000,7.770000
58,36.000000,0.177024,120.000000,0.488153,85.290000,-0.030000,4.000000,0.050000,1.227000,4.391000,1.571000,-3.030000,-2.000000,0.000000,0.120000,7.770000
59,36.000000,0.177024,120.000000,0.488153,85.290000,0.460000,4.000000,0.050000,-1.452000,-3.363000,-6.618000,-2.290000,-1.940000,0.000000,0.090000,7.760000
60,36.000000,0.177024,120.000000,0.488153,85.290000,0.460000,4.000000,0.050000,-1.452000,-3.363000,-6.618000,-2.290000,-1.940000,0.000000,0.090000,7.760000
61,36.000000,0.177024,120.000000,0.488153,85.320000,-0.060000,4.000000,0.050000,6.604000,-0.875000,-17.550000,-14.650000,-1.990000,0.000000,0.070000,7.710000
62,36.000000,0.177024,120.000000,0.488153,85.320000,0.400000,4.000000,0.050000,8.885000,-9.535000,-20.831000,10.060000,-2.210000,0.000000,0.250000,7.690000
63,36.000000,0.177024,120.000000,0.488153,85.320000,0.400000,4.000000,0.050000,8.885000,-9.535000,-20.831000,10.060000,-2.210000,0.000000,0.250000,7.690000
64,36.000000,0.177024,120.000000,0.488153,85.330000,-0.100000,4.000000,0.050000,-1.460000,9.404000,11.781000,12.410000,-2.060000,0.000000,0.200000,7.710000
65,36.000000,0.177024,120.000000,0.488153,85.330000,-0.100000,4.000000,0.050000,-1.460000,9.404000,11.781000,12.410000,-2.060000,0.000000,0.200000,7.710000
66,36.000000,0.177024,120.000000,0.488153,85.330000,0.250000,4.000000,0.050000,1.301000,-8.347000,-21.145000,18.320000,-2.400000,0.000000,0.000000,7.720000
67,36.000000,0.177024,120.000000,0.488153,85.330000,0.020000,4.000000,0.050000,2.640000,-2.206000,-9.687000,19.310000,-2.310000,0.000000,0.010000,7.770000
68,36.000000,0.177024,120.000000,0.488153,85.330000,0.020000,4.000000,0.050000,2.640000,-2.206000,-9.687000,19.310000,-2.310000,0.000000,0.010000,7.770000
69,36.000000,0.177024,120.000000,0.488153,85.240000,0.260000,4.000000,0.040000,-5.605000,-5.714000,-18.728000,25.470000,-2.430000,0.000000,0.010000,7.800000
70,36.000000,0.177024,120.000000,0.488153,85.240000,0.260000,4.000000,0.040000,-5.605000,-5.714000,-18.728000,25.470000,-2.430000,0.000000,0.010000,7.800000
71,36.000000,0.177024,120.000000,0.488153,85.240000,0.170000,4.000000,0.040000,11.692000,10.681000,7.307000,18.220000,-2.200000,0.000000,0.010000,7.870000
72,36.000000,0.177024,120.000000,0.488153,85.240000,0.170000,4.000000,0.040000,11.692000,10.681000,7.307000,18.220000,-2.200000,0.000000,0.010000,7.870000
73,36.000000,0.177024,120.000000,0.488153,85.240000,-0.280000,4.000000,0.040000,2.911000,-9.737000,-18.359000,0.000000,-2.050000,0.000000,0.010000,-0.030000
74,36.000000,0.177024,120.000000,0.488153,85.240000,-0.280000,4.000000,0.040000,2.911000,-9.737000,-18.359000,0.000000,-2.050000,0.000000,0.010000,-0.030000
75,36.000000,0.177024,120.000000,0.488153,85.230000,0.210000,4.000000,0.070000,0.155000,1.435000,7.181000,21.030000,-2.040000,0.000000,0.020000,7.930000
76,36.000000,0.177024,120.000000,0.488153,85.230000,0.210000,4.000000,0.070000,0.155000,1.435000,7.181000,21.030000,-2.040000,0.000000,0.020000,7.930000
77,36.000000,0.177024,120.000000,0.488153,85.230000,-0.190000,4.000000,0.070000,-6.232000,9.555000,4.335000,-1.690000,-1.880000,0.000000,0.010000,7.900000
78,36.000000,0.177024,120.000000,0.488153,85.230000,-0.190000,4.000000,0.070000,-6.232000,9.555000,4.335000,-1.690000,-1.880000,0.000000,0.010000,7.900000
79,36.000000,0.177024,120.000000,0.488153,85.300000,0.400000,4.000000,0.050000,3.701000,-6.686000,-19.367000,2.700000,-1.920000,0.000000,0.010000,7.930000
80,36.000000,0.177024,120.000000,0.488153,85.300000,0.400000,4.000000,0.050000,3.701000,-6.686000,-19.367000,2.700000,-1.920000,0.000000,0.010000,7.930000
81,36.000000,0.177024,120.000000,0.488153,85.300000,-0.140000,4.000000,0.050000,-4.129000,9.544000,3.179000,-10.050000,-1.760000,0.000000,0.000000,7.930000
82,36.000000,0.177024,120.000000,0.488153,85.300000,-0.140000,4.000000,0.050000,-4.129000,9.544000,3.179000,-10.050000,-1.760000,0.000000,0.000000,7.930000
83,36.000000,0.177024,120.000000,0.488153,85.300000,-0.160000,4.000000,0.050000,-10.465000,8.360000,-1.467000,-8.310000,-1.760000,0.000000,0.010000,7.870000
84,36.000000,0.177024,120.000000,0.488153,85.300000,0.120000,4.000000,0.050000,-2.623000,7.229000,6.606000,-19.560000,-1.540000,0.000000,0.010000,7.870000
85,36.000000,0.177024,120.000000,0.488153,85.300000,-0.240000,4.000000,0.050000,8.327000,-4.341000,-18.312000,-6.410000,-1.480000,0.000000,0.060000,7.780000
86,36.000000,0.177024,120.000000,0.488153,85.300000,-0.240000,4.000000,0.050000,8.327000,-4.341000,-18.312000,-6.410000,-1.480000,0.000000,0.060000,7.780000
87,36.000000,0.177024,120.000000,0.488153,85.300000,-0.020000,4.000000,0.050000,5.275000,-4.350000,-19.411000,2.840000,-1.660000,0.000000,0.160000,7.750000
88,36.000000,0.177024,120.000000,0.488153,85.300000,-0.020000,4.000000,0.050000,5.275000,-4.350000,-19.411000,2.840000,-1.660000,0.000000,0.160000,7.750000
89,36.000000,0.177024,120.000000,0.488153,85.250000,-0.480000,4.000000,0.070000,-8.356000,1.042000,-16.384000,27.700000,-1.590000,0.000000,0.220000,7.730000
90,36.000000,0.177024,120.000000,0.488153,85.250000,-0.480000,4.000000,0.070000,-8.356000,1.042000,-16.384000,27.700000,-1.590000,0.000000,0.220000,7.730000
91,36.000000,0.177024,120.000000,0.488153,85.250000,0.020000,4.000000,0.070000,-6.831000,1.042000,-17.076000,18.330000,-1.850000,0.000000,0.050000,7.790000
92,36.000000,0.177024,120.000000,0.488153,85.250000,0.020000,4.000000,0.070000,-6.831000,1.042000,-17.076000,18.330000,-1.850000,0.000000,0.050000,7.790000
93,36.000000,0.177024,120.000000,0.488153,85.230000,-0.410000,4.000000,0.040000,6.759000,-11.003000,-15.961000,27.130000,-2.040000,0.000000,0.070000,7.730000
94,36.000000,0.177024,120.000000,0.488153,85.230000,-0.410000,4.000000,0.040000,6.759000,-11.003000,-15.961000,27.130000,-2.040000,0.000000,0.070000,7.730000
95,36.000000,0.177024,120.000000,0.488153,85.230000,0.030000,4.000000,0.040000,-4.746000,1.487000,-5.647000,18.160000,-2.050000,0.000000,0.010000,7.740000
96,36.000000,0.177024,120.000000,0.488153,85.230000,0.030000,4.000000,0.040000,-4.746000,1.487000,-5.647000,18.160000,-2.050000,0.000000,0.010000,7.740000
97,36.000000,0.177024,120.000000,0.488153,85.230000,0.180000,4.000000,0.040000,-0.736000,2.809000,0.861000,-1.920000,-2.090000,0.000000,0.010000,7.760000
98,36.000000,0.177024,120.000000,0.488153,85.230000,0.180000,4.000000,0.040000,-0.736000,2.809000,0.861000,-1.920000,-2.090000,0.000000,0.010000,7.760000
99,36.000000,0.177024,120.000000,0.488153,85.250000,-0.040000,4.000000,0.080000,10.438000,-3.737000,-14.342000,-4.980000,-1.990000,0.000000,0.100000,7.690000
100,36.000000,0.177024,120.000000,0.488153,85.250000,-0.040000,4.000000,0.080000,10.438000,-3.737000,-14.342000,-4.980000,-1.990000,0.000000,0.100000,7.690000
101,36.000000,0.177024,120.000000,0.488153,85.250000,0.240000,4.000000,0.080000,-0.600000,2.190000,3.751000,-8.610000,-1.740000,0.000000,0.040000,7.670000
102,36.000000,0.177024,120.000000,0.488153,85.250000,0.240000,4.000000,0.080000,-0.600000,2.190000,3.751000,-8.610000,-1.740000,0.000000,0.040000,7.670000
103,36.000000,0.177024,120.000000,0.488153,85.290000,-0.150000,4.000000,0.050000,12.507000,-7.750000,-18.406000,-6.550000,-1.780000,0.000000,0.160000,7.670000
104,36.000000,0.177024,120.000000,0.488153,85.290000,0.240000,4.000000,0.050000,-2.200000,-1.943000,8.162000,1.270000,-1.770000,0.000000,0.000000,7.560000
105,36.000000,0.177024,120.000000,0.488153,85.290000,0.240000,4.000000,0.050000,-2.200000,-1.943000,8.162000,1.270000,-1.770000,0.000000,0.000000,7.560000
106,36.000000,0.177024,120.000000,0.488153,85.290000,0.220000,4.000000,0.050000,12.285000,-7.829000,-18.612000,-4.660000,-1.760000,0.000000,0.010000,7.470000
107,36.000000,0.177024,120.000000,0.488153,85.290000,0.220000,4.000000,0.050000,12.285000,-7.829000,-18.612000,-4.660000,-1.760000,0.000000,0.010000,7.470000
108,36.000000,0.177024,120.000000,0.488153,85.220000,-0.030000,4.000000,0.080000,-0.186000,3.157000,1.732000,4.040000,-1.690000,0.000000,0.020000,7.370000
109,36.000000,0.177024,120.000000,0.488153,85.220000,0.380000,4.000000,0.080000,13.826000,-9.182000,-17.315000,-11.330000,-1.780000,0.000000,0.130000,7.310000
110,36.000000,0.177024,120.000000,0.488153,85.220000,0.380000,4.000000,0.080000,13.826000,-9.182000,-17.315000,-11.330000,-1.780000,0.000000,0.130000,7.310000
111,36.000000,0.177024,120.000000,0.488153,85.220000,-0.010000,4.000000,0.080000,2.526000,0.338000,-0.581000,7.470000,-1.690000,0.000000,0.130000,7.200000
112,36.000000,0.177024,120.000000,0.488153,85.220000,-0.010000,4.000000,0.080000,2.526000,0.338000,-0.581000,7.470000,-1.690000,0.000000,0.130000,7.200000
113,36.000000,0.177024,120.000000,0.488153,85.260000,0.480000,4.000000,0.050000,-8.705000,9.026000,4.552000,-7.830000,-1.570000,0.000000,0.010000,7.160000
114,36.000000,0.177024,120.000000,0.488153,85.260000,0.480000,4.000000,0.050000,-8.705000,9.026000,4.552000,-7.830000,-1.570000,0.000000,0.010000,7.160000
115,36.000000,0.177024,120.000000,0.488153,85.260000,0.070000,4.000000,0.050000,0.827000,-7.766000,3.906000,7.570000,-1.600000,0.000000,0.010000,7.100000
116,36.000000,0.177024,120.000000,0.488153,85.260000,0.070000,4.000000,0.050000,0.827000,-7.766000,3.906000,7.570000,-1.600000,0.000000,0.010000,7.100000
117,36.000000,0.177024,120.000000,0.488153,85.290000,0.540000,4.000000,0.080000,-7.913000,11.093000,11.596000,11.870000,-1.410000,0.000000,0.010000,7.030000
118,36.000000,0.177024,120.000000,0.488153,85.290000,0.540000,4.000000,0.080000,-7.913000,11.093000,11.596000,11.870000,-1.410000,0.000000,0.010000,7.030000
119,36.000000,0.177024,120.000000,0.488153,85.290000,0.580000,4.000000,0.080000,2.086000,-6.125000,-8.360000,-23.880000,-1.320000,0.000000,0.050000,7.010000
120,36.000000,0.177024,120.000000,0.488153,85.290000,-0.320000,4.000000,0.080000,-8.055000,12.387000,8.190000,0.930000,-1.180000,0.000000,0.050000,6.920000
121,36.000000,0.177024,120.000000,0.488153,85.290000,-0.320000,4.000000,0.080000,-8.055000,12.387000,8.190000,0.930000,-1.180000,0.000000,0.050000,6.920000
122,36.000000,0.177024,120.000000,0.488153,85.330000,0.140000,4.000000,0.070000,-2.662000,0.617000,-18.794000,-5.880000,-1.360000,0.000000,0.060000,6.910000
123,36.000000,0.177024,120.000000,0.488153,85.330000,0.140000,4.000000,0.070000,-2.662000,0.617000,-18.794000,-5.880000,-1.360000,0.000000,0.060000,6.910000
124,36.000000,0.177024,120.000000,0.488153,85.330000,-0.430000,4.000000,0.070000,-4.849000,9.768000,12.837000,9.440000,-1.430000,0.000000,0.160000,6.850000
125,36.000000,0.177024,120.000000,0.488153,85.330000,-0.430000,4.000000,0.070000,-4.849000,9.768000,12.837000,9.440000,-1.430000,0.000000,0.160000,6.850000
126,36.000000,0.177024,120.000000,0.488153,85.330000,0.140000,4.000000,0.070000,4.279000,-3.420000,-12.679000,4.160000,-1.360000,0.000000,0.120000,6.880000
127,36.000000,0.177024,120.000000,0.488153,85.330000,0.140000,4.000000,0.070000,4.279000,-3.420000,-12.679000,4.160000,-1.360000,0.000000,0.120000,6.880000
128,36.000000,0.177024,120.000000,0.488153,85.320000,-0.440000,4.000000,0.070000,8.725000,-8.857000,-18.892000,-4.880000,-1.630000,0.000000,0.120000,6.870000
129,36.000000,0.177024,120.000000,0.488153,85.320000,0.240000,4.000000,0.070000,3.427000,-2.585000,-14.236000,2.830000,-1.650000,0.000000,0.110000,6.840000
130,36.000000,0.177024,120.000000,0.488153,85.320000,0.240000,4.000000,0.070000,3.427000,-2.585000,-14.236000,2.830000,-1.650000,0.000000,0.110000,6.840000
131,36.000000,0.177024,120.000000,0.488153,85.320000,0.240000,4.000000,0.070000,5.424000,-7.438000,-18.679000,-11.640000,-1.740000,0.000000,0.080000,6.850000
132,36.000000,0.177024,120.000000,0.488153,85.290000,-0.180000,4.000000,0.080000,8.489000,-4.277000,-16.824000,-3.820000,-1.970000,0.000000,0.170000,6.820000
133,36.000000,0.177024,120.000000,0.488153,85.290000,-0.180000,4.000000,0.080000,8.489000,-4.277000,-16.824000,-3.820000,-1.970000,0.000000,0.170000,6.820000
134,36.000000,0.177024,120.000000,0.488153,85.290000,0.260000,4.000000,0.080000,0.488000,-5.787000,-19.342000,-8.730000,-2.090000,0.000000,0.060000,6.860000
135,36.000000,0.177024,120.000000,0.488153,85.290000,0.260000,4.000000,0.080000,0.488000,-5.787000,-19.342000,-8.730000,-2.090000,0.000000,0.060000,6.860000
136,36.000000,0.177024,120.000000,0.488153,85.320000,-0.160000,4.000000,0.080000,-7.846000,2.836000,-1.401000,-18.330000,-2.150000,0.000000,0.020000,6.840000
137,36.000000,0.177024,120.000000,0.488153,85.320000,-0.160000,4.000000,0.080000,-7.846000,2.836000,-1.401000,-18.330000,-2.150000,0.000000,0.020000,6.840000
138,36.000000,0.177024,120.000000,0.488153,85.320000,0.210000,4.000000,0.080000,-5.640000,5.084000,16.346000,-2.590000,-2.040000,0.000000,0.080000,6.850000
139,36.000000,0.177024,120.000000,0.488153,85.320000,0.210000,4.000000,0.080000,-5.640000,5.084000,16.346000,-2.590000,-2.040000,0.000000,0.080000,6.850000
140,36.000000,0.177024,120.000000,0.488153,85.320000,0.360000,4.000000,0.080000,-10.339000,10.273000,-3.078000,-8.150000,-1.960000,0.000000,0.010000,6.890000
141,36.000000,0.177024,120.000000,0.488153,85.320000,0.360000,4.000000,0.080000,-10.339000,10.273000,-3.078000,-8.150000,-1.960000,0.000000,0.010000,6.890000
142,36.000000,0.177024,120.000000,0.488153,85.270000,-0.160000,4.000000,0.070000,-2.765000,5.766000,2.976000,-11.900000,-1.990000,0.000000,0.090000,6.880000
143,36.000000,0.177024,120.000000,0.488153,85.270000,0.370000,4.000000,0.070000,-12.358000,11.945000,5.392000,-9.980000,-1.760000,0.000000,0.000000,6.900000
144,36.000000,0.177024,120.000000,0.488153,85.270000,0.370000,4.000000,0.070000,-12.358000,11.945000,5.392000,-9.980000,-1.760000,0.000000,0.000000,6.900000
145,36.000000,0.177024,120.000000,0.488153,85.270000,-0.130000,4.000000,0.070000,-1.037000,3.770000,3.347000,-16.360000,-1.890000,0.000000,0.110000,6.860000
146,36.000000,0.177024,120.000000,0.488153,85.270000,-0.130000,4.000000,0.070000,-1.037000,3.770000,3.347000,-16.360000,-1.890000,0.000000,0.110000,6.860000
147,36.000000,0.177024,120.000000,0.488153,85.300000,0.370000,4.000000,0.080000,16.320000,-9.303000,-10.454000,7.110000,-1.870000,0.000000,0.250000,6.870000
148,36.000000,0.177024,120.000000,0.488153,85.300000,0.370000,4.000000,0.080000,16.320000,-9.303000,-10.454000,7.110000,-1.870000,0.000000,0.250000,6.870000
149,36.000000,0.177024,120.000000,0.488153,85.300000,-0.110000,4.000000,0.080000,3.493000,-1.500000,-18.446000,-4.870000,-1.900000,0.000000,0.200000,6.860000
150,36.000000,0.177024,120.000000,0.488153,85.300000,-0.110000,4.000000,0.080000,3.493000,-1.500000,-18.446000,-4.870000,-1.900000,0.000000,0.200000,6.860000
151,36.000000,0.177024,120.000000,0.488153,85.320000,0.260000,4.000000,0.080000,12.675000,-6.816000,-19.238000,-0.330000,-1.980000,0.000000,0.330000,6.820000
152,36.000000,0.177024,120.000000,0.488153,85.320000,0.250000,4.000000,0.080000,-1.929000,-2.967000,-11.460000,6.070000,-1.990000,0.000000,0.170000,6.870000
153,36.000000,0.177024,120.000000,0.488153,85.320000,0.250000,4.000000,0.080000,-1.929000,-2.967000,-11.460000,6.070000,-1.990000,0.000000,0.170000,6.870000
154,36.000000,0.177024,120.000000,0.488153,85.320000,-0.400000,4.000000,0.080000,4.979000,-6.762000,-20.175000,7.830000,-2.090000,0.000000,0.190000,6.850000
155,36.000000,0.177024,120.000000,0.488153,85.320000,-0.400000,4.000000,0.080000,4.979000,-6.762000,-20.175000,7.830000,-2.090000,0.000000,0.190000,6.850000
156,36.000000,0.177024,120.000000,0.488153,85.290000,0.120000,4.000000,0.050000,-2.575000,-2.946000,9.362000,6.150000,-2.060000,0.000000,0.110000,6.900000
157,36.000000,0.177024,120.000000,0.488153,85.290000,0.120000,4.000000,0.050000,-2.575000,-2.946000,9.362000,6.150000,-2.060000,0.000000,0.110000,6.900000
158,36.000000,0.177024,120.000000,0.488153,85.290000,-0.420000,4.000000,0.050000,7.290000,10.217000,11.738000,10.060000,-1.750000,0.000000,0.130000,6.920000
159,36.000000,0.177024,120.000000,0.488153,85.290000,-0.420000,4.000000,0.050000,7.290000,10.217000,11.738000,10.060000,-1.750000,0.000000,0.130000,6.920000
160,36.000000,0.177024,120.000000,0.488153,85.290000,0.280000,4.000000,0.050000,-3.331000,3.190000,-4.238000,11.200000,-1.870000,0.000000,0.060000,6.980000
161,36.000000,0.177024,120.000000,0.488153,85.290000,0.280000,4.000000,0.050000,-3.331000,3.190000,-4.238000,11.200000,-1.870000,0.000000,0.060000,6.980000
162,36.000000,0.177024,120.000000,0.488153,85.190000,-0.230000,4.000000,0.080000,-7.300000,8.554000,19.193000,-1.970000,-1.440000,0.000000,0.020000,7.000000
163,36.000000,0.177024,120.000000,0.488153,85.190000,-0.230000,4.000000,0.080000,-7.300000,8.554000,19.193000,-1.970000,-1.440000,0.000000,0.020000,7.000000
164,36.000000,0.177024,120.000000,0.488153,85.190000,0.340000,4.000000,0.080000,1.818000,-0.302000,-5.984000,-9.390000,-1.580000,0.000000,0.060000,6.960000
165,36.000000,0.177024,120.000000,0.488153,85.190000,0.120000,4.000000,0.080000,-6.868000,5.600000,13.259000,-17.340000,-1.330000,0.000000,0.020000,6.990000
166,36.000000,0.177024,120.000000,0.488153,85.270000,-0.380000,4.000000,0.070000,6.490000,-4.891000,-4.576000,0.010000,-1.300000,0.000000,0.030000,0.010000
167,36.000000,0.177024,120.000000,0.488153,85.270000,-0.380000,4.000000,0.070000,6.490000,-4.891000,-4.576000,0.010000,-1.300000,0.000000,0.030000,0.010000
168,36.000000,0.177024,120.000000,0.488153,85.270000,0.090000,4.000000,0.070000,-11.204000,11.249000,1.451000,-0.030000,-1.260000,0.000000,0.010000,0.100000
169,36.000000,0.177024,120.000000,0.488153,85.270000,0.090000,4.000000,0.070000,-11.204000,11.249000,1.451000,-0.030000,-1.260000,0.000000,0.010000,0.100000
170,36.000000,0.177024,120.000000,0.488153,85.290000,-0.450000,4.000000,0.050000,-0.577000,-1.604000,-3.026000,-0.050000,-1.160000,0.000000,0.040000,0.110000
171,36.000000,0.177024,120.000000,0.488153,85.290000,-0.450000,4.000000,0.050000,-0.577000,-1.604000,-3.026000,-0.050000,-1.160000,0.000000,0.040000,0.110000
172,36.000000,0.177024,120.000000,0.488153,85.290000,-0.030000,4.000000,0.050000,1.487000,-3.841000,-18.372000,-0.080000,-1.370000,0.000000,0.010000,0.150000
173,36.000000,0.177024,120.000000,0.488153,85.290000,0.250000,4.000000,0.050000,-2.622000,1.859000,-14.832000,-0.110000,-1.480000,0.000000,0.010000,0.190000
174,36.000000,0.177024,120.000000,0.488153,85.290000,0.250000,4.000000,0.050000,-2.622000,1.859000,-14.832000,-0.110000,-1.480000,0.000000,0.010000,0.190000
175,36.000000,0.177024,120.000000,0.488153,85.290000,0.060000,4.000000,0.080000,-0.734000,-4.311000,-18.383000,-0.150000,-1.750000,0.000000,0.020000,0.230000
176,36.000000,0.177024,120.000000,0.488153,85.290000,0.060000,4.000000,0.080000,-0.734000,-4.311000,-18.383000,-0.150000,-1.750000,0.000000,0.020000,0.230000
177,36.000000,0.177024,120.000000,0.488153,85.290000,0.370000,4.000000,0.080000,-4.960000,8.816000,-18.336000,-0.180000,-1.860000,0.000000,0.030000,0.280000
178,36.000000,0.177024,120.000000,0.488153,85.290000,0.370000,4.000000,0.080000,-4.960000,8.816000,-18.336000,-0.180000,-1.860000,0.000000,0.030000,0.280000
179,36.000000,0.177024,120.000000,0.488153,85.290000,0.240000,4.000000,0.080000,-2.847000,-3.299000,10.961000,-0.230000,-1.980000,0.000000,0.100000,0.310000
180,36.000000,0.177024,120.000000,0.488153,85.290000,0.240000,4.000000,0.080000,-2.847000,-3.299000,10.961000,-0.230000,-1.980000,0.000000,0.100000,0.310000
181,36.000000,0.177024,120.000000,0.488153,85.340000,0.320000,4.000000,0.040000,6.514000,-6.204000,-12.819000,-0.220000,-1.890000,0.000000,0.010000,0.380000
182,36.000000,0.177024,120.000000,0.488153,85.340000,0.320000,4.000000,0.040000,6.514000,-6.204000,-12.819000,-0.220000,-1.890000,0.000000,0.010000,0.380000
183,36.000000,0.177024,120.000000,0.488153,85.340000,0.370000,4.000000,0.040000,-0.208000,2.129000,-7.414000,-0.200000,-1.800000,0.000000,0.010000,0.430000
184,36.000000,0.177024,120.000000,0.488153,85.340000,0.370000,4.000000,0.040000,-0.208000,2.129000,-7.414000,-0.200000,-1.800000,0.000000,0.010000,0.430000
185,36.000000,0.177024,120.000000,0.488152,85.300000,0.210000,4.000000,0.050000,9.251000,-10.988000,-18.435000,-0.170000,-1.740000,0.000000,0.010000,0.500000
186,36.000000,0.177024,120.000000,0.488152,85.300000,-0.140000,4.000000,0.050000,2.549000,0.679000,-2.418000,-0.130000,-1.830000,0.000000,0.010000,0.580000
187,36.000000,0.177024,120.000000,0.488152,85.300000,-0.140000,4.000000,0.050000,2.549000,0.679000,-2.418000,-0.130000,-1.830000,0.000000,0.010000,0.580000
188,36.000000,0.177024,120.000000,0.488152,85.300000,-0.160000,4.000000,0.050000,8.265000,-9.404000,-18.458000,-0.100000,-1.990000,0.000000,0.010000,0.650000
189,36.000000,0.177024,120.000000,0.488152,85.300000,-0.160000,4.000000,0.050000,8.265000,-9.404000,-18.458000,-0.100000,-1.990000,0.000000,0.010000,0.650000
190,36.000000,0.177024,120.000000,0.488152,85.300000,-0.160000,4.000000,0.050000,8.265000,-9.404000,-18.458000,-0.100000,-1.990000,0.000000,0.010000,0.650000
191,36.000000,0.177024,120.000000,0.488152,85.350000,-0.200000,4.000000,0.020000,8.227000,-7.686000,-9.396000,-0.050000,-1.900000,0.000000,0.010000,0.730000
192,36.000000,0.177024,120.000000,0.488152,85.350000,0.200000,4.000000,0.020000,-6.503000,11.132000,-0.619000,-0.020000,-1.890000,0.000000,0.000000,0.800000
193,36.000000,0.177024,120.000000,0.488152,85.350000,0.200000,4.000000,0.020000,-6.503000,11.132000,-0.619000,-0.020000,-1.890000,0.000000,0.000000,0.800000
194,36.000000,0.177024,120.000000,0.488152,85.350000,-0.140000,4.000000,0.020000,5.388000,-5.863000,-7.410000,0.000000,-2.020000,0.000000,0.000000,0.810000
195,36.000000,0.177024,120.000000,0.488152,85.360000,0.490000,4.000000,0.020000,-0.603000,6.310000,0.198000,0.010000,-2.070000,0.000000,0.000000,0.860000
196,36.000000,0.177024,120.000000,0.488152,85.360000,0.490000,4.000000,0.020000,-0.603000,6.310000,0.198000,0.010000,-2.070000,0.000000,0.000000,0.860000
197,36.000000,0.177024,120.000000,0.488152,85.360000,-0.030000,4.000000,0.020000,-1.942000,4.278000,2.145000,0.040000,-1.900000,0.000000,0.000000,0.940000
198,36.000000,0.177024,120.000000,0.488152,85.360000,-0.240000,4.000000,0.020000,7.777000,-3.621000,-5.622000,0.050000,-2.010000,0.000000,0.000000,0.980000
199,36.000000,0.177024,120.000000,0.488152,85.360000,-0.240000,4.000000,0.020000,7.777000,-3.621000,-5.622000,0.050000,-2.010000,0.000000,0.000000,0.980000
200,36.000000,0.177024,120.000000,0.488152,85.300000,-0.070000,4.000000,0.020000,9.386000,-5.243000,3.043000,0.090000,-2.030000,0.000000,0.000000,1.050000
201,36.000000,0.177024,120.000000,0.488152,85.300000,-0.070000,4.000000,0.020000,9.386000,-5.243000,3.043000,0.090000,-2.030000,0.000000,0.000000,1.050000
202,36.000000,0.177024,120.000000,0.488152,85.300000,-0.040000,4.000000,0.020000,-3.685000,8.332000,8.386000,0.140000,-1.800000,0.000000,0.000000,1.090000
203,36.000000,0.177024,120.000000,0.488152,85.300000,-0.040000,4.000000,0.020000,-3.685000,8.332000,8.386000,0.140000,-1.800000,0.000000,0.000000,1.090000
204,36.000000,0.177024,120.000000,0.488152,85.300000,-0.040000,4.000000,0.020000,-3.685000,8.332000,8.386000,0.140000,-1.800000,0.000000,0.000000,1.090000
205,36.000000,0.177024,120.000000,0.488152,85.360000,0.420000,4.000000,0.050000,3.122000,-0.375000,6.431000,0.180000,-1.930000,0.000000,0.000000,1.170000
206,36.000000,0.177024,120.000000,0.488152,85.360000,0.170000,4.000000,0.050000,7.714000,-3.486000,-10.288000,0.220000,-1.870000,0.000000,0.000000,1.220000
207,36.000000,0.177024,120.000000,0.488152,85.360000,0.170000,4.000000,0.050000,7.714000,-3.486000,-10.288000,0.220000,-1.870000,0.000000,0.000000,1.220000
208,36.000000,0.177024,120.000000,0.488152,85.360000,0.710000,4.000000,0.050000,4.291000,-1.009000,1.367000,0.240000,-1.890000,0.000000,0.010000,1.270000
209,36.000000,0.177024,120.000000,0.488152,85.360000,0.710000,4.000000,0.050000,4.291000,-1.009000,1.367000,0.240000,-1.890000,0.000000,0.010000,1.270000
210,36.000000,0.177024,120.000000,0.488152,85.290000,0.860000,4.000000,0.110000,0.193000,10.809000,-5.194000,0.260000,-2.000000,0.000000,0.020000,1.400000
211,36.000000,0.177024,120.000000,0.488152,85.290000,0.860000,4.000000,0.110000,0.193000,10.809000,-5.194000,0.260000,-2.000000,0.000000,0.020000,1.400000
212,36.000000,0.177024,120.000000,0.488152,85.290000,-0.340000,4.000000,0.110000,6.415000,-11.420000,-1.232000,0.320000,-2.030000,0.000000,0.170000,1.450000
213,36.000000,0.177024,120.000000,0.488152,85.290000,0.300000,4.000000,0.110000,2.490000,4.799000,-17.384000,0.390000,-2.070000,0.000000,0.210000,1.560000
214,36.000000,0.177024,120.000000,0.488152,85.290000,0.300000,4.000000,0.110000,2.490000,4.799000,-17.384000,0.390000,-2.070000,0.000000,0.210000,1.560000
215,36.000000,0.177024,120.000000,0.488152,85.270000,-0.650000,4.000000,0.220000,-2.266000,9.891000,1.337000,0.440000,-2.100000,0.000000,0.200000,1.660000
216,36.000000,0.177024,120.000000,0.488152,85.270000,-0.650000,4.000000,0.220000,-2.266000,9.891000,1.337000,0.440000,-2.100000,0.000000,0.200000,1.660000
217,36.000000,0.177024,120.000000,0.488153,85.270000,-0.570000,4.000000,0.220000,2.479000,1.238000,-13.407000,0.460000,-2.110000,0.000000,0.290000,1.630000
218,36.000000,0.177024,120.000000,0.488153,85.270000,-0.570000,4.000000,0.220000,2.479000,1.238000,-13.407000,0.460000,-2.110000,0.000000,0.290000,1.630000
219,36.000000,0.177024,120.000000,0.488153,85.330000,0.830000,4.000000,0.320000,2.087000,5.119000,-18.236000,0.520000,-2.330000,0.000000,0.360000,1.740000
220,36.000000,0.177024,120.000000,0.488153,85.330000,-0.020000,4.000000,0.320000,4.171000,-5.140000,-5.255000,0.540000,-2.230000,0.000000,0.360000,1.750000
221,36.000000,0.177024,120.000000,0.488153,85.330000,-0.020000,4.000000,0.320000,4.171000,-5.140000,-5.255000,0.540000,-2.230000,0.000000,0.360000,1.750000
222,36.000000,0.177024,120.000000,0.488153,85.330000,0.120000,4.000000,0.320000,3.880000,-4.221000,-18.547000,0.580000,-2.310000,0.000000,0.460000,1.810000
223,36.000000,0.177024,120.000000,0.488153,85.330000,0.120000,4.000000,0.320000,3.880000,-4.221000,-18.547000,0.580000,-2.310000,0.000000,0.460000,1.810000
224,36.000000,0.177024,120.000000,0.488153,85.340000,0.460000,4.000000,0.500000,-3.694000,3.129000,-9.172000,0.610000,-2.420000,0.000000,0.470000,1.940000
225,36.000000,0.177024,120.000000,0.488153,85.340000,0.460000,4.000000,0.500000,-3.694000,3.129000,-9.172000,0.610000,-2.420000,0.000000,0.470000,1.940000
226,36.000000,0.177024,120.000000,0.488153,85.340000,-0.400000,4.000000,0.500000,-1.147000,2.240000,3.878000,0.610000,-2.320000,0.000000,0.430000,1.940000
227,36.000000,0.177024,120.000000,0.488153,85.340000,-0.400000,4.000000,0.500000,-1.147000,2.240000,3.878000,0.610000,-2.320000,0.000000,0.430000,1.940000
228,36.000000,0.177024,120.000000,0.488153,85.340000,0.450000,4.000000,0.500000,-0.252000,3.945000,-14.777000,0.620000,-2.450000,0.000000,0.470000,2.000000
229,36.000000,0.177024,120.000000,0.488153,85.340000,0.450000,4.000000,0.500000,-0.252000,3.945000,-14.777000,0.620000,-2.450000,0.000000,0.470000,2.000000
230,36.000000,0.177024,120.000000,0.488153,85.370000,-0.140000,4.000000,0.680000,3.121000,1.520000,-16.565000,0.630000,-2.570000,0.000000,0.540000,2.130000
231,36.000000,0.177024,120.000000,0.488153,85.370000,-0.140000,4.000000,0.680000,3.121000,1.520000,-16.565000,0.630000,-2.570000,0.000000,0.540000,2.130000
232,36.000000,0.177024,120.000000,0.488153,85.370000,-0.010000,4.000000,0.680000,-5.474000,3.546000,-1.053000,0.570000,-2.430000,0.000000,0.540000,2.100000
233,36.000000,0.177024,120.000000,0.488153,85.390000,0.050000,4.000000,0.680000,-1.183000,0.856000,-18.333000,0.580000,-2.640000,0.000000,0.600000,2.210000
234,36.000000,0.177024,120.000000,0.488153,85.390000,0.050000,4.000000,0.680000,-1.183000,0.856000,-18.333000,0.580000,-2.640000,0.000000,0.600000,2.210000
235,36.000000,0.177024,120.000000,0.488154,85.410000,-0.660000,4.000000,0.760000,-0.923000,-0.833000,-13.269000,0.540000,-2.600000,0.000000,0.680000,2.200000
236,36.000000,0.177024,120.000000,0.488154,85.410000,-0.660000,4.000000,0.760000,-0.923000,-0.833000,-13.269000,0.540000,-2.600000,0.000000,0.680000,2.200000
237,36.000000,0.177024,120.000000,0.488154,85.440000,-0.390000,4.000000,0.760000,-6.086000,0.816000,-8.498000,0.480000,-2.650000,0.000000,0.660000,2.310000
238,36.000000,0.177024,120.000000,0.488154,85.440000,-0.390000,4.000000,0.760000,-6.086000,0.816000,-8.498000,0.480000,-2.650000,0.000000,0.660000,2.310000
239,36.000000,0.177024,120.000000,0.488154,85.470000,-0.510000,4.000000,0.800000,-1.150000,7.778000,6.648000,0.440000,-2.610000,0.000000,0.720000,2.330000
240,36.000000,0.177024,120.000000,0.488154,85.470000,-0.510000,4.000000,0.800000,-1.150000,7.778000,6.648000,0.440000,-2.610000,0.000000,0.720000,2.330000
241,36.000000,0.177024,120.000000,0.488154,85.450000,0.180000,4.000000,0.800000,0.389000,-2.310000,1.233000,0.380000,-2.510000,0.010000,0.730000,2.340000
242,36.000000,0.177024,120.000000,0.488154,85.450000,-0.810000,4.000000,0.800000,5.474000,-8.142000,-18.754000,0.330000,-2.520000,0.010000,0.730000,2.400000
243,36.000000,0.177024,120.000000,0.488154,85.450000,-0.810000,4.000000,0.800000,5.474000,-8.142000,-18.754000,0.330000,-2.520000,0.010000,0.730000,2.400000
244,36.000000,0.177024,120.000000,0.488154,85.420000,-0.930000,4.000000,0.750000,-0.780000,0.176000,-1.232000,0.300000,-2.290000,0.010000,0.710000,2.460000
245,36.000000,0.177024,120.000000,0.488154,85.420000,-0.930000,4.000000,0.750000,-0.780000,0.176000,-1.232000,0.300000,-2.290000,0.010000,0.710000,2.460000
246,36.000000,0.177024,120.000000,0.488155,85.300000,-0.210000,4.000000,0.750000,-1.223000,1.779000,1.117000,0.280000,-2.320000,0.010000,0.680000,2.540000
247,36.000000,0.177024,120.000000,0.488155,85.300000,-0.210000,4.000000,0.750000,-1.223000,1.779000,1.117000,0.280000,-2.320000,0.010000,0.680000,2.540000
248,36.000000,0.177024,120.000000,0.488155,85.180000,-0.760000,4.000000,0.750000,7.186000,-7.353000,-18.739000,0.250000,-2.430000,0.010000,0.740000,2.520000
249,36.000000,0.177024,120.000000,0.488155,85.180000,-0.760000,4.000000,0.750000,7.186000,-7.353000,-18.739000,0.250000,-2.430000,0.010000,0.740000,2.520000
250,36.000000,0.177024,120.000000,0.488155,85.060000,0.100000,4.000000,0.650000,-2.836000,2.768000,-0.922000,0.230000,-2.470000,0.000000,0.740000,2.630000
251,36.000000,0.177024,120.000000,0.488155,85.060000,0.100000,4.000000,0.650000,-2.836000,2.768000,-0.922000,0.230000,-2.470000,0.000000,0.740000,2.630000
252,36.000000,0.177024,120.000000,0.488155,84.960000,-0.870000,4.000000,0.650000,8.698000,-7.177000,-18.488000,0.220000,-2.460000,0.000000,0.730000,2.660000
253,36.000000,0.177024,120.000000,0.488155,84.960000,-0.870000,4.000000,0.650000,8.698000,-7.177000,-18.488000,0.220000,-2.460000,0.000000,0.730000,2.660000
254,36.000000,0.177024,120.000000,0.488155,84.840000,-0.090000,4.000000,0.540000,1.471000,0.977000,8.219000,0.250000,-2.390000,0.000000,0.730000,2.690000
255,36.000000,0.177024,120.000000,0.488155,84.850000,-0.080000,4.000000,0.540000,5.957000,-5.792000,-0.776000,0.230000,-2.380000,0.000000,0.720000,2.800000
256,36.000000,0.177024,120.000000,0.488155,84.850000,-0.080000,4.000000,0.540000,5.957000,-5.792000,-0.776000,0.230000,-2.380000,0.000000,0.720000,2.800000
257,36.000000,0.177024,120.000000,0.488156,84.860000,-0.460000,4.000000,0.540000,-6.172000,9.218000,-17.910000,0.200000,-2.460000,0.000000,0.680000,2.820000
258,36.000000,0.177024,120.000000,0.488156,84.880000,0.170000,4.000000,0.520000,-6.662000,7.843000,-17.964000,0.220000,-2.510000,0.000000,0.640000,2.890000
259,36.000000,0.177024,120.000000,0.488156,84.880000,0.170000,4.000000,0.520000,-6.662000,7.843000,-17.964000,0.220000,-2.510000,0.000000,0.640000,2.890000
260,36.000000,0.177024,120.000000,0.488156,84.890000,-0.140000,4.000000,0.520000,2.576000,-4.238000,-18.618000,0.210000,-2.710000,0.000000,0.580000,2.950000
261,36.000000,0.177024,120.000000,0.488156,84.890000,-0.140000,4.000000,0.520000,2.576000,-4.238000,-18.618000,0.210000,-2.710000,0.000000,0.580000,2.950000
262,36.000000,0.177024,120.000000,0.488156,84.900000,0.040000,4.000000,0.520000,-1.921000,2.158000,-5.787000,0.220000,-2.660000,0.000000,0.530000,3.010000
263,36.000000,0.177024,120.000000,0.488156,84.900000,0.040000,4.000000,0.520000,-1.921000,2.158000,-5.787000,0.220000,-2.660000,0.000000,0.530000,3.010000
264,36.000000,0.177025,120.000000,0.488156,84.910000,0.370000,4.000000,0.520000,3.223000,-5.072000,-18.677000,0.240000,-2.860000,0.000000,0.510000,3.080000
265,36.000000,0.177025,120.000000,0.488156,84.910000,0.370000,4.000000,0.520000,3.223000,-5.072000,-18.677000,0.240000,-2.860000,0.000000,0.510000,3.080000
266,36.000000,0.177025,120.000000,0.488156,84.910000,0.320000,4.000000,0.520000,-3.161000,4.633000,-15.174000,0.250000,-2.700000,0.000000,0.390000,3.150000
267,36.000000,0.177025,120.000000,0.488156,84.910000,0.320000,4.000000,0.520000,-3.161000,4.633000,-15.174000,0.250000,-2.700000,0.000000,0.390000,3.150000
